{"principle": "closure", "img_data": [[{"x": 0.5, "y": 0.1782509510720458, "size": 0.2567515530205034, "color_name": 142, "color_r": 255, "color_g": 255, "color_b": 0, "shape": 0, "width": 1024}, {"x": 0.7786428500150906, "y": 0.6608745244639771, "size": 0.2567515530205034, "color_name": 51, "color_r": 0, "color_g": 128, "color_b": 0, "shape": 0, "width": 1024}, {"x": 0.22135714998490935, "y": 0.6608745244639771, "size": 0.2567515530205034, "color_name": 142, "color_r": 255, "color_g": 255, "color_b": 0, "shape": 0, "width": 1024}, {"x": 0.5, "y": 0.5, "size": 0.7961224286145447, "color_name": 68, "color_r": 211, "color_g": 211, "color_b": 211, "shape": 0, "width": 1024}], [{"x": 0.5, "y": 0.31181967025561874, "size": 0.18891596801854169, "color_name": 142, "color_r": 255, "color_g": 255, "color_b": 0, "shape": 0, "width": 1024}, {"x": 0.6629689460511665, "y": 0.5940901648721906, "size": 0.18891596801854169, "color_name": 8, "color_r": 0, "color_g": 0, "color_b": 255, "shape": 0, "width": 1024}, {"x": 0.3370310539488334, "y": 0.5940901648721906, "size": 0.18891596801854169, "color_name": 142, "color_r": 255, "color_g": 255, "color_b": 0, "shape": 0, "width": 1024}, {"x": 0.5, "y": 0.5, "size": 0.4656255601461902, "color_name": 68, "color_r": 211, "color_g": 211, "color_b": 211, "shape": 0, "width": 1024}], [{"x": 0.5, "y": 0.25187422380114033, "size": 0.25827716131684203, "color_name": 142, "color_r": 255, "color_g": 255, "color_b": 0, "shape": 0, "width": 1024}, {"x": 0.7148832255219447, "y": 0.6240628880994298, "size": 0.25827716131684203, "color_name": 142, "color_r": 255, "color_g": 255, "color_b": 0, "shape": 0, "width": 1024}, {"x": 0.2851167744780553, "y": 0.6240628880994298, "size": 0.25827716131684203, "color_name": 51, "color_r": 0, "color_g": 128, "color_b": 0, "shape": 0, "width": 1024}, {"x": 0.5, "y": 0.5, "size": 0.613952072919842, "color_name": 68, "color_r": 211, "color_g": 211, "color_b": 211, "shape": 0, "width": 1024}], [{"x": 0.5, "y": 0.3072503729870767, "size": 0.16395118493450841, "color_name": 51, "color_r": 0, "color_g": 128, "color_b": 0, "shape": 0, "width": 1024}, {"x": 0.6669260735631669, "y": 0.5963748135064617, "size": 0.16395118493450841, "color_name": 8, "color_r": 0, "color_g": 0, "color_b": 255, "shape": 0, "width": 1024}, {"x": 0.3330739264368331, "y": 0.5963748135064617, "size": 0.16395118493450841, "color_name": 8, "color_r": 0, "color_g": 0, "color_b": 255, "shape": 0, "width": 1024}, {"x": 0.5, "y": 0.5, "size": 0.4769316387519054, "color_name": 68, "color_r": 211, "color_g": 211, "color_b": 211, "shape": 0, "width": 1024}], [{"x": 0.5, "y": 0.33699158489001335, "size": 0.15866791697384852, "color_name": 142, "color_r": 255, "color_g": 255, "color_b": 0, "shape": 0, "width": 1024}, {"x": 0.6411694285158877, "y": 0.5815042075549933, "size": 0.15866791697384852, "color_name": 51, "color_r": 0, "color_g": 128, "color_b": 0, "shape": 0, "width": 1024}, {"x": 0.35883057148411235, "y": 0.5815042075549933, "size": 0.15866791697384852, "color_name": 8, "color_r": 0, "color_g": 0, "color_b": 255, "shape": 0, "width": 1024}, {"x": 0.5, "y": 0.5, "size": 0.40334122433110753, "color_name": 68, "color_r": 211, "color_g": 211, "color_b": 211, "shape": 0, "width": 1024}], [{"x": 0.5, "y": 0.13722043126958022, "size": 0.34291176680811275, "color_name": 8, "color_r": 0, "color_g": 0, "color_b": 255, "shape": 0, "width": 1024}, {"x": 0.8141763224945063, "y": 0.6813897843652099, "size": 0.34291176680811275, "color_name": 8, "color_r": 0, "color_g": 0, "color_b": 255, "shape": 0, "width": 1024}, {"x": 0.18582367750549367, "y": 0.6813897843652099, "size": 0.34291176680811275, "color_name": 8, "color_r": 0, "color_g": 0, "color_b": 255, "shape": 0, "width": 1024}, {"x": 0.5, "y": 0.5, "size": 0.8976466356985895, "color_name": 68, "color_r": 211, "color_g": 211, "color_b": 211, "shape": 0, "width": 1024}], [{"x": 0.5, "y": 0.1630674230633331, "size": 0.25247121434940506, "color_name": 51, "color_r": 0, "color_g": 128, "color_b": 0, "shape": 0, "width": 1024}, {"x": 0.7917921709897084, "y": 0.6684662884683334, "size": 0.25247121434940506, "color_name": 51, "color_r": 0, "color_g": 128, "color_b": 0, "shape": 0, "width": 1024}, {"x": 0.2082078290102916, "y": 0.6684662884683334, "size": 0.25247121434940506, "color_name": 8, "color_r": 0, "color_g": 0, "color_b": 255, "shape": 0, "width": 1024}, {"x": 0.5, "y": 0.5, "size": 0.8336919171134527, "color_name": 68, "color_r": 211, "color_g": 211, "color_b": 211, "shape": 0, "width": 1024}], [{"x": 0.5, "y": 0.18072912264789592, "size": 0.3309022825420676, "color_name": 142, "color_r": 255, "color_g": 255, "color_b": 0, "shape": 0, "width": 1024}, {"x": 0.776496690475468, "y": 0.659635438676052, "size": 0.3309022825420676, "color_name": 142, "color_r": 255, "color_g": 255, "color_b": 0, "shape": 0, "width": 1024}, {"x": 0.22350330952453207, "y": 0.659635438676052, "size": 0.3309022825420676, "color_name": 142, "color_r": 255, "color_g": 255, "color_b": 0, "shape": 0, "width": 1024}, {"x": 0.5, "y": 0.5, "size": 0.7899905442156226, "color_name": 68, "color_r": 211, "color_g": 211, "color_b": 211, "shape": 0, "width": 1024}], [{"x": 0.5, "y": 0.27574354557975767, "size": 0.24326427044276158, "color_name": 142, "color_r": 255, "color_g": 255, "color_b": 0, "shape": 0, "width": 1024}, {"x": 0.6942117864905569, "y": 0.6121282272101212, "size": 0.24326427044276158, "color_name": 142, "color_r": 255, "color_g": 255, "color_b": 0, "shape": 0, "width": 1024}, {"x": 0.3057882135094431, "y": 0.6121282272101212, "size": 0.24326427044276158, "color_name": 142, "color_r": 255, "color_g": 255, "color_b": 0, "shape": 0, "width": 1024}, {"x": 0.5, "y": 0.5, "size": 0.5548908185444485, "color_name": 68, "color_r": 211, "color_g": 211, "color_b": 211, "shape": 0, "width": 1024}], [{"x": 0.5, "y": 0.19668279393653765, "size": 0.31167988392745416, "color_name": 51, "color_r": 0, "color_g": 128, "color_b": 0, "shape": 0, "width": 1024}, {"x": 0.7626804058558778, "y": 0.6516586030317312, "size": 0.31167988392745416, "color_name": 8, "color_r": 0, "color_g": 0, "color_b": 255, "shape": 0, "width": 1024}, {"x": 0.23731959414412224, "y": 0.6516586030317312, "size": 0.31167988392745416, "color_name": 142, "color_r": 255, "color_g": 255, "color_b": 0, "shape": 0, "width": 1024}, {"x": 0.5, "y": 0.5, "size": 0.750515445302508, "color_name": 68, "color_r": 211, "color_g": 211, "color_b": 211, "shape": 0, "width": 1024}], [{"x": 0.3415755958299984, "y": 0.3415755958299984, "size": 0.1390351214022419, "color_name": 8, "color_r": 0, "color_g": 0, "color_b": 255, "shape": 0, "width": 1024}, {"x": 0.6584244041700016, "y": 0.6584244041700016, "size": 0.1390351214022419, "color_name": 8, "color_r": 0, "color_g": 0, "color_b": 255, "shape": 0, "width": 1024}, {"x": 0.3415755958299984, "y": 0.6584244041700016, "size": 0.1390351214022419, "color_name": 51, "color_r": 0, "color_g": 128, "color_b": 0, "shape": 0, "width": 1024}, {"x": 0.6584244041700016, "y": 0.3415755958299984, "size": 0.1390351214022419, "color_name": 51, "color_r": 0, "color_g": 128, "color_b": 0, "shape": 0, "width": 1024}, {"x": 0.5, "y": 0.5, "size": 0.5431693857257199, "color_name": 68, "color_r": 211, "color_g": 211, "color_b": 211, "shape": 0, "width": 1024}], [{"x": 0.23095634563462442, "y": 0.23095634563462442, "size": 0.26557642399123166, "color_name": 142, "color_r": 255, "color_g": 255, "color_b": 0, "shape": 0, "width": 1024}, {"x": 0.7690436543653756, "y": 0.7690436543653756, "size": 0.26557642399123166, "color_name": 142, "color_r": 255, "color_g": 255, "color_b": 0, "shape": 0, "width": 1024}, {"x": 0.23095634563462442, "y": 0.7690436543653756, "size": 0.26557642399123166, "color_name": 142, "color_r": 255, "color_g": 255, "color_b": 0, "shape": 0, "width": 1024}, {"x": 0.7690436543653756, "y": 0.23095634563462442, "size": 0.26557642399123166, "color_name": 142, "color_r": 255, "color_g": 255, "color_b": 0, "shape": 0, "width": 1024}, {"x": 0.5, "y": 0.5, "size": 0.9224353863955734, "color_name": 68, "color_r": 211, "color_g": 211, "color_b": 211, "shape": 0, "width": 1024}], [{"x": 0.19775897042803048, "y": 0.19775897042803048, "size": 0.2827689928342387, "color_name": 51, "color_r": 0, "color_g": 128, "color_b": 0, "shape": 0, "width": 1024}, {"x": 0.8022410295719695, "y": 0.8022410295719695, "size": 0.2827689928342387, "color_name": 142, "color_r": 255, "color_g": 255, "color_b": 0, "shape": 0, "width": 1024}, {"x": 0.19775897042803048, "y": 0.8022410295719695, "size": 0.2827689928342387, "color_name": 51, "color_r": 0, "color_g": 128, "color_b": 0, "shape": 0, "width": 1024}, {"x": 0.8022410295719695, "y": 0.19775897042803048, "size": 0.2827689928342387, "color_name": 51, "color_r": 0, "color_g": 128, "color_b": 0, "shape": 0, "width": 1024}, {"x": 0.5, "y": 0.5, "size": 1.036254958532467, "color_name": 68, "color_r": 211, "color_g": 211, "color_b": 211, "shape": 0, "width": 1024}], [{"x": 0.22734781576282614, "y": 0.22734781576282614, "size": 0.25935223989170525, "color_name": 142, "color_r": 255, "color_g": 255, "color_b": 0, "shape": 0, "width": 1024}, {"x": 0.7726521842371739, "y": 0.7726521842371739, "size": 0.25935223989170525, "color_name": 142, "color_r": 255, "color_g": 255, "color_b": 0, "shape": 0, "width": 1024}, {"x": 0.22734781576282614, "y": 0.7726521842371739, "size": 0.25935223989170525, "color_name": 51, "color_r": 0, "color_g": 128, "color_b": 0, "shape": 0, "width": 1024}, {"x": 0.7726521842371739, "y": 0.22734781576282614, "size": 0.25935223989170525, "color_name": 51, "color_r": 0, "color_g": 128, "color_b": 0, "shape": 0, "width": 1024}, {"x": 0.5, "y": 0.5, "size": 0.9348074888131674, "color_name": 68, "color_r": 211, "color_g": 211, "color_b": 211, "shape": 0, "width": 1024}], [{"x": 0.2367256332867645, "y": 0.2367256332867645, "size": 0.32953278667349956, "color_name": 142, "color_r": 255, "color_g": 255, "color_b": 0, "shape": 0, "width": 1024}, {"x": 0.7632743667132356, "y": 0.7632743667132356, "size": 0.32953278667349956, "color_name": 142, "color_r": 255, "color_g": 255, "color_b": 0, "shape": 0, "width": 1024}, {"x": 0.2367256332867645, "y": 0.7632743667132356, "size": 0.32953278667349956, "color_name": 8, "color_r": 0, "color_g": 0, "color_b": 255, "shape": 0, "width": 1024}, {"x": 0.7632743667132356, "y": 0.2367256332867645, "size": 0.32953278667349956, "color_name": 142, "color_r": 255, "color_g": 255, "color_b": 0, "shape": 0, "width": 1024}, {"x": 0.5, "y": 0.5, "size": 0.902654971588236, "color_name": 68, "color_r": 211, "color_g": 211, "color_b": 211, "shape": 0, "width": 1024}], [{"x": 0.24748211094700973, "y": 0.24748211094700973, "size": 0.30148638799162336, "color_name": 8, "color_r": 0, "color_g": 0, "color_b": 255, "shape": 0, "width": 1024}, {"x": 0.7525178890529902, "y": 0.7525178890529902, "size": 0.30148638799162336, "color_name": 51, "color_r": 0, "color_g": 128, "color_b": 0, "shape": 0, "width": 1024}, {"x": 0.24748211094700973, "y": 0.7525178890529902, "size": 0.30148638799162336, "color_name": 142, "color_r": 255, "color_g": 255, "color_b": 0, "shape": 0, "width": 1024}, {"x": 0.7525178890529902, "y": 0.24748211094700973, "size": 0.30148638799162336, "color_name": 51, "color_r": 0, "color_g": 128, "color_b": 0, "shape": 0, "width": 1024}, {"x": 0.5, "y": 0.5, "size": 0.8657756196102524, "color_name": 68, "color_r": 211, "color_g": 211, "color_b": 211, "shape": 0, "width": 1024}], [{"x": 0.2347372715231501, "y": 0.2347372715231501, "size": 0.33449148338148127, "color_name": 51, "color_r": 0, "color_g": 128, "color_b": 0, "shape": 0, "width": 1024}, {"x": 0.7652627284768498, "y": 0.7652627284768498, "size": 0.33449148338148127, "color_name": 8, "color_r": 0, "color_g": 0, "color_b": 255, "shape": 0, "width": 1024}, {"x": 0.2347372715231501, "y": 0.7652627284768498, "size": 0.33449148338148127, "color_name": 51, "color_r": 0, "color_g": 128, "color_b": 0, "shape": 0, "width": 1024}, {"x": 0.7652627284768498, "y": 0.2347372715231501, "size": 0.33449148338148127, "color_name": 8, "color_r": 0, "color_g": 0, "color_b": 255, "shape": 0, "width": 1024}, {"x": 0.5, "y": 0.5, "size": 0.9094722119206282, "color_name": 68, "color_r": 211, "color_g": 211, "color_b": 211, "shape": 0, "width": 1024}], [{"x": 0.22204488567099173, "y": 0.22204488567099173, "size": 0.24154630798837012, "color_name": 142, "color_r": 255, "color_g": 255, "color_b": 0, "shape": 0, "width": 1024}, {"x": 0.7779551143290082, "y": 0.7779551143290082, "size": 0.24154630798837012, "color_name": 142, "color_r": 255, "color_g": 255, "color_b": 0, "shape": 0, "width": 1024}, {"x": 0.22204488567099173, "y": 0.7779551143290082, "size": 0.24154630798837012, "color_name": 142, "color_r": 255, "color_g": 255, "color_b": 0, "shape": 0, "width": 1024}, {"x": 0.7779551143290082, "y": 0.22204488567099173, "size": 0.24154630798837012, "color_name": 142, "color_r": 255, "color_g": 255, "color_b": 0, "shape": 0, "width": 1024}, {"x": 0.5, "y": 0.5, "size": 0.9529889634137425, "color_name": 68, "color_r": 211, "color_g": 211, "color_b": 211, "shape": 0, "width": 1024}], [{"x": 0.2592682813644669, "y": 0.2592682813644669, "size": 0.2817951196390885, "color_name": 142, "color_r": 255, "color_g": 255, "color_b": 0, "shape": 0, "width": 1024}, {"x": 0.7407317186355331, "y": 0.7407317186355331, "size": 0.2817951196390885, "color_name": 51, "color_r": 0, "color_g": 128, "color_b": 0, "shape": 0, "width": 1024}, {"x": 0.2592682813644669, "y": 0.7407317186355331, "size": 0.2817951196390885, "color_name": 51, "color_r": 0, "color_g": 128, "color_b": 0, "shape": 0, "width": 1024}, {"x": 0.7407317186355331, "y": 0.2592682813644669, "size": 0.2817951196390885, "color_name": 51, "color_r": 0, "color_g": 128, "color_b": 0, "shape": 0, "width": 1024}, {"x": 0.5, "y": 0.5, "size": 0.825365892464685, "color_name": 68, "color_r": 211, "color_g": 211, "color_b": 211, "shape": 0, "width": 1024}], [{"x": 0.24933923651422096, "y": 0.24933923651422096, "size": 0.3056859042332995, "color_name": 8, "color_r": 0, "color_g": 0, "color_b": 255, "shape": 0, "width": 1024}, {"x": 0.750660763485779, "y": 0.750660763485779, "size": 0.3056859042332995, "color_name": 142, "color_r": 255, "color_g": 255, "color_b": 0, "shape": 0, "width": 1024}, {"x": 0.24933923651422096, "y": 0.750660763485779, "size": 0.3056859042332995, "color_name": 142, "color_r": 255, "color_g": 255, "color_b": 0, "shape": 0, "width": 1024}, {"x": 0.750660763485779, "y": 0.24933923651422096, "size": 0.3056859042332995, "color_name": 8, "color_r": 0, "color_g": 0, "color_b": 255, "shape": 0, "width": 1024}, {"x": 0.5, "y": 0.5, "size": 0.8594083319512424, "color_name": 68, "color_r": 211, "color_g": 211, "color_b": 211, "shape": 0, "width": 1024}]]}