{"principle": "closure", "img_data": [[{"x": 0.27972267274140783, "y": 0.23090857558621122, "size": 0.1, "color_name": 116, "color_r": 255, "color_g": 0, "color_b": 0, "shape": 0, "width": 1024}, {"x": 0.27972267274140783, "y": 0.5903539210690268, "size": 0.1, "color_name": 8, "color_r": 0, "color_g": 0, "color_b": 255, "shape": 0, "width": 1024}, {"x": 0.3995377879023464, "y": 0.23090857558621122, "size": 0.1, "color_name": 116, "color_r": 255, "color_g": 0, "color_b": 0, "shape": 0, "width": 1024}, {"x": 0.3995377879023464, "y": 0.5903539210690268, "size": 0.1, "color_name": 116, "color_r": 255, "color_g": 0, "color_b": 0, "shape": 0, "width": 1024}, {"x": 0.519352903063285, "y": 0.23090857558621122, "size": 0.1, "color_name": 116, "color_r": 255, "color_g": 0, "color_b": 0, "shape": 0, "width": 1024}, {"x": 0.519352903063285, "y": 0.5903539210690268, "size": 0.1, "color_name": 116, "color_r": 255, "color_g": 0, "color_b": 0, "shape": 0, "width": 1024}, {"x": 0.6391680182242234, "y": 0.23090857558621122, "size": 0.1, "color_name": 116, "color_r": 255, "color_g": 0, "color_b": 0, "shape": 0, "width": 1024}, {"x": 0.6391680182242234, "y": 0.5903539210690268, "size": 0.1, "color_name": 116, "color_r": 255, "color_g": 0, "color_b": 0, "shape": 0, "width": 1024}, {"x": 0.27972267274140783, "y": 0.35072369074714976, "size": 0.1, "color_name": 8, "color_r": 0, "color_g": 0, "color_b": 255, "shape": 0, "width": 1024}, {"x": 0.6391680182242234, "y": 0.35072369074714976, "size": 0.1, "color_name": 8, "color_r": 0, "color_g": 0, "color_b": 255, "shape": 0, "width": 1024}, {"x": 0.27972267274140783, "y": 0.47053880590808833, "size": 0.1, "color_name": 116, "color_r": 255, "color_g": 0, "color_b": 0, "shape": 0, "width": 1024}, {"x": 0.6391680182242234, "y": 0.47053880590808833, "size": 0.1, "color_name": 116, "color_r": 255, "color_g": 0, "color_b": 0, "shape": 0, "width": 1024}], [{"x": 0.29533270041513904, "y": 0.2616850582740243, "size": 0.1, "color_name": 116, "color_r": 255, "color_g": 0, "color_b": 0, "shape": 0, "width": 1024}, {"x": 0.29533270041513904, "y": 0.6523504591043023, "size": 0.1, "color_name": 8, "color_r": 0, "color_g": 0, "color_b": 255, "shape": 0, "width": 1024}, {"x": 0.4255545006918984, "y": 0.2616850582740243, "size": 0.1, "color_name": 116, "color_r": 255, "color_g": 0, "color_b": 0, "shape": 0, "width": 1024}, {"x": 0.4255545006918984, "y": 0.6523504591043023, "size": 0.1, "color_name": 8, "color_r": 0, "color_g": 0, "color_b": 255, "shape": 0, "width": 1024}, {"x": 0.5557763009686578, "y": 0.2616850582740243, "size": 0.1, "color_name": 8, "color_r": 0, "color_g": 0, "color_b": 255, "shape": 0, "width": 1024}, {"x": 0.5557763009686578, "y": 0.6523504591043023, "size": 0.1, "color_name": 116, "color_r": 255, "color_g": 0, "color_b": 0, "shape": 0, "width": 1024}, {"x": 0.6859981012454172, "y": 0.2616850582740243, "size": 0.1, "color_name": 116, "color_r": 255, "color_g": 0, "color_b": 0, "shape": 0, "width": 1024}, {"x": 0.6859981012454172, "y": 0.6523504591043023, "size": 0.1, "color_name": 8, "color_r": 0, "color_g": 0, "color_b": 255, "shape": 0, "width": 1024}, {"x": 0.29533270041513904, "y": 0.39190685855078367, "size": 0.1, "color_name": 8, "color_r": 0, "color_g": 0, "color_b": 255, "shape": 0, "width": 1024}, {"x": 0.6859981012454172, "y": 0.39190685855078367, "size": 0.1, "color_name": 116, "color_r": 255, "color_g": 0, "color_b": 0, "shape": 0, "width": 1024}, {"x": 0.29533270041513904, "y": 0.522128658827543, "size": 0.1, "color_name": 8, "color_r": 0, "color_g": 0, "color_b": 255, "shape": 0, "width": 1024}, {"x": 0.6859981012454172, "y": 0.522128658827543, "size": 0.1, "color_name": 8, "color_r": 0, "color_g": 0, "color_b": 255, "shape": 0, "width": 1024}], [{"x": 0.3810221741595309, "y": 0.2885571652158516, "size": 0.1, "color_name": 116, "color_r": 255, "color_g": 0, "color_b": 0, "shape": 0, "width": 1024}, {"x": 0.3810221741595309, "y": 0.6656714956475548, "size": 0.1, "color_name": 116, "color_r": 255, "color_g": 0, "color_b": 0, "shape": 0, "width": 1024}, {"x": 0.5067269509700987, "y": 0.2885571652158516, "size": 0.1, "color_name": 116, "color_r": 255, "color_g": 0, "color_b": 0, "shape": 0, "width": 1024}, {"x": 0.5067269509700987, "y": 0.6656714956475548, "size": 0.1, "color_name": 8, "color_r": 0, "color_g": 0, "color_b": 255, "shape": 0, "width": 1024}, {"x": 0.6324317277806664, "y": 0.2885571652158516, "size": 0.1, "color_name": 8, "color_r": 0, "color_g": 0, "color_b": 255, "shape": 0, "width": 1024}, {"x": 0.6324317277806664, "y": 0.6656714956475548, "size": 0.1, "color_name": 8, "color_r": 0, "color_g": 0, "color_b": 255, "shape": 0, "width": 1024}, {"x": 0.758136504591234, "y": 0.2885571652158516, "size": 0.1, "color_name": 8, "color_r": 0, "color_g": 0, "color_b": 255, "shape": 0, "width": 1024}, {"x": 0.758136504591234, "y": 0.6656714956475548, "size": 0.1, "color_name": 8, "color_r": 0, "color_g": 0, "color_b": 255, "shape": 0, "width": 1024}, {"x": 0.3810221741595309, "y": 0.41426194202641936, "size": 0.1, "color_name": 116, "color_r": 255, "color_g": 0, "color_b": 0, "shape": 0, "width": 1024}, {"x": 0.7581365045912342, "y": 0.41426194202641936, "size": 0.1, "color_name": 116, "color_r": 255, "color_g": 0, "color_b": 0, "shape": 0, "width": 1024}, {"x": 0.3810221741595309, "y": 0.5399667188369871, "size": 0.1, "color_name": 116, "color_r": 255, "color_g": 0, "color_b": 0, "shape": 0, "width": 1024}, {"x": 0.7581365045912342, "y": 0.5399667188369871, "size": 0.1, "color_name": 116, "color_r": 255, "color_g": 0, "color_b": 0, "shape": 0, "width": 1024}], [{"x": 0.3869063607285734, "y": 0.34401181170106104, "size": 0.1, "color_name": 116, "color_r": 255, "color_g": 0, "color_b": 0, "shape": 0, "width": 1024}, {"x": 0.3869063607285734, "y": 0.7146706039003536, "size": 0.1, "color_name": 8, "color_r": 0, "color_g": 0, "color_b": 255, "shape": 0, "width": 1024}, {"x": 0.5104592914616709, "y": 0.34401181170106104, "size": 0.1, "color_name": 116, "color_r": 255, "color_g": 0, "color_b": 0, "shape": 0, "width": 1024}, {"x": 0.5104592914616709, "y": 0.7146706039003536, "size": 0.1, "color_name": 116, "color_r": 255, "color_g": 0, "color_b": 0, "shape": 0, "width": 1024}, {"x": 0.6340122221947685, "y": 0.34401181170106104, "size": 0.1, "color_name": 8, "color_r": 0, "color_g": 0, "color_b": 255, "shape": 0, "width": 1024}, {"x": 0.6340122221947685, "y": 0.7146706039003536, "size": 0.1, "color_name": 116, "color_r": 255, "color_g": 0, "color_b": 0, "shape": 0, "width": 1024}, {"x": 0.757565152927866, "y": 0.34401181170106104, "size": 0.1, "color_name": 116, "color_r": 255, "color_g": 0, "color_b": 0, "shape": 0, "width": 1024}, {"x": 0.757565152927866, "y": 0.7146706039003536, "size": 0.1, "color_name": 8, "color_r": 0, "color_g": 0, "color_b": 255, "shape": 0, "width": 1024}, {"x": 0.3869063607285734, "y": 0.4675647424341586, "size": 0.1, "color_name": 116, "color_r": 255, "color_g": 0, "color_b": 0, "shape": 0, "width": 1024}, {"x": 0.757565152927866, "y": 0.4675647424341586, "size": 0.1, "color_name": 8, "color_r": 0, "color_g": 0, "color_b": 255, "shape": 0, "width": 1024}, {"x": 0.3869063607285734, "y": 0.5911176731672562, "size": 0.1, "color_name": 8, "color_r": 0, "color_g": 0, "color_b": 255, "shape": 0, "width": 1024}, {"x": 0.757565152927866, "y": 0.5911176731672562, "size": 0.1, "color_name": 8, "color_r": 0, "color_g": 0, "color_b": 255, "shape": 0, "width": 1024}], [{"x": 0.4100715835937316, "y": 0.40507030136162153, "size": 0.1, "color_name": 116, "color_r": 255, "color_g": 0, "color_b": 0, "shape": 0, "width": 1024}, {"x": 0.4100715835937316, "y": 0.7350234337872072, "size": 0.1, "color_name": 8, "color_r": 0, "color_g": 0, "color_b": 255, "shape": 0, "width": 1024}, {"x": 0.5200559610689268, "y": 0.40507030136162153, "size": 0.1, "color_name": 8, "color_r": 0, "color_g": 0, "color_b": 255, "shape": 0, "width": 1024}, {"x": 0.5200559610689268, "y": 0.7350234337872072, "size": 0.1, "color_name": 8, "color_r": 0, "color_g": 0, "color_b": 255, "shape": 0, "width": 1024}, {"x": 0.630040338544122, "y": 0.40507030136162153, "size": 0.1, "color_name": 116, "color_r": 255, "color_g": 0, "color_b": 0, "shape": 0, "width": 1024}, {"x": 0.630040338544122, "y": 0.7350234337872072, "size": 0.1, "color_name": 8, "color_r": 0, "color_g": 0, "color_b": 255, "shape": 0, "width": 1024}, {"x": 0.7400247160193172, "y": 0.40507030136162153, "size": 0.1, "color_name": 116, "color_r": 255, "color_g": 0, "color_b": 0, "shape": 0, "width": 1024}, {"x": 0.7400247160193172, "y": 0.7350234337872072, "size": 0.1, "color_name": 116, "color_r": 255, "color_g": 0, "color_b": 0, "shape": 0, "width": 1024}, {"x": 0.4100715835937316, "y": 0.5150546788368168, "size": 0.1, "color_name": 8, "color_r": 0, "color_g": 0, "color_b": 255, "shape": 0, "width": 1024}, {"x": 0.7400247160193172, "y": 0.5150546788368168, "size": 0.1, "color_name": 116, "color_r": 255, "color_g": 0, "color_b": 0, "shape": 0, "width": 1024}, {"x": 0.4100715835937316, "y": 0.625039056312012, "size": 0.1, "color_name": 8, "color_r": 0, "color_g": 0, "color_b": 255, "shape": 0, "width": 1024}, {"x": 0.7400247160193172, "y": 0.625039056312012, "size": 0.1, "color_name": 8, "color_r": 0, "color_g": 0, "color_b": 255, "shape": 0, "width": 1024}], [{"x": 0.3989397257392697, "y": 0.3645434196214866, "size": 0.1, "color_name": 8, "color_r": 0, "color_g": 0, "color_b": 255, "shape": 0, "width": 1024}, {"x": 0.3989397257392697, "y": 0.7215144732071622, "size": 0.1, "color_name": 116, "color_r": 255, "color_g": 0, "color_b": 0, "shape": 0, "width": 1024}, {"x": 0.5179300769344949, "y": 0.3645434196214866, "size": 0.1, "color_name": 8, "color_r": 0, "color_g": 0, "color_b": 255, "shape": 0, "width": 1024}, {"x": 0.5179300769344949, "y": 0.7215144732071622, "size": 0.1, "color_name": 116, "color_r": 255, "color_g": 0, "color_b": 0, "shape": 0, "width": 1024}, {"x": 0.6369204281297202, "y": 0.3645434196214866, "size": 0.1, "color_name": 8, "color_r": 0, "color_g": 0, "color_b": 255, "shape": 0, "width": 1024}, {"x": 0.6369204281297202, "y": 0.7215144732071622, "size": 0.1, "color_name": 8, "color_r": 0, "color_g": 0, "color_b": 255, "shape": 0, "width": 1024}, {"x": 0.7559107793249453, "y": 0.3645434196214866, "size": 0.1, "color_name": 116, "color_r": 255, "color_g": 0, "color_b": 0, "shape": 0, "width": 1024}, {"x": 0.7559107793249453, "y": 0.7215144732071622, "size": 0.1, "color_name": 8, "color_r": 0, "color_g": 0, "color_b": 255, "shape": 0, "width": 1024}, {"x": 0.3989397257392697, "y": 0.48353377081671184, "size": 0.1, "color_name": 116, "color_r": 255, "color_g": 0, "color_b": 0, "shape": 0, "width": 1024}, {"x": 0.7559107793249453, "y": 0.48353377081671184, "size": 0.1, "color_name": 8, "color_r": 0, "color_g": 0, "color_b": 255, "shape": 0, "width": 1024}, {"x": 0.3989397257392697, "y": 0.6025241220119371, "size": 0.1, "color_name": 8, "color_r": 0, "color_g": 0, "color_b": 255, "shape": 0, "width": 1024}, {"x": 0.7559107793249453, "y": 0.6025241220119371, "size": 0.1, "color_name": 116, "color_r": 255, "color_g": 0, "color_b": 0, "shape": 0, "width": 1024}], [{"x": 0.28968990378806536, "y": 0.30460785569124715, "size": 0.1, "color_name": 8, "color_r": 0, "color_g": 0, "color_b": 255, "shape": 0, "width": 1024}, {"x": 0.28968990378806536, "y": 0.7015359518970824, "size": 0.1, "color_name": 116, "color_r": 255, "color_g": 0, "color_b": 0, "shape": 0, "width": 1024}, {"x": 0.4219992691900104, "y": 0.30460785569124715, "size": 0.1, "color_name": 116, "color_r": 255, "color_g": 0, "color_b": 0, "shape": 0, "width": 1024}, {"x": 0.4219992691900104, "y": 0.7015359518970824, "size": 0.1, "color_name": 116, "color_r": 255, "color_g": 0, "color_b": 0, "shape": 0, "width": 1024}, {"x": 0.5543086345919555, "y": 0.30460785569124715, "size": 0.1, "color_name": 8, "color_r": 0, "color_g": 0, "color_b": 255, "shape": 0, "width": 1024}, {"x": 0.5543086345919555, "y": 0.7015359518970824, "size": 0.1, "color_name": 116, "color_r": 255, "color_g": 0, "color_b": 0, "shape": 0, "width": 1024}, {"x": 0.6866179999939006, "y": 0.30460785569124715, "size": 0.1, "color_name": 8, "color_r": 0, "color_g": 0, "color_b": 255, "shape": 0, "width": 1024}, {"x": 0.6866179999939006, "y": 0.7015359518970824, "size": 0.1, "color_name": 116, "color_r": 255, "color_g": 0, "color_b": 0, "shape": 0, "width": 1024}, {"x": 0.28968990378806536, "y": 0.4369172210931922, "size": 0.1, "color_name": 8, "color_r": 0, "color_g": 0, "color_b": 255, "shape": 0, "width": 1024}, {"x": 0.6866179999939006, "y": 0.4369172210931922, "size": 0.1, "color_name": 8, "color_r": 0, "color_g": 0, "color_b": 255, "shape": 0, "width": 1024}, {"x": 0.28968990378806536, "y": 0.5692265864951374, "size": 0.1, "color_name": 8, "color_r": 0, "color_g": 0, "color_b": 255, "shape": 0, "width": 1024}, {"x": 0.6866179999939006, "y": 0.5692265864951374, "size": 0.1, "color_name": 8, "color_r": 0, "color_g": 0, "color_b": 255, "shape": 0, "width": 1024}], [{"x": 0.2158645078431105, "y": 0.34320132921238355, "size": 0.1, "color_name": 8, "color_r": 0, "color_g": 0, "color_b": 255, "shape": 0, "width": 1024}, {"x": 0.2158645078431105, "y": 0.7144004430707945, "size": 0.1, "color_name": 116, "color_r": 255, "color_g": 0, "color_b": 0, "shape": 0, "width": 1024}, {"x": 0.33959754579591417, "y": 0.34320132921238355, "size": 0.1, "color_name": 8, "color_r": 0, "color_g": 0, "color_b": 255, "shape": 0, "width": 1024}, {"x": 0.33959754579591417, "y": 0.7144004430707945, "size": 0.1, "color_name": 8, "color_r": 0, "color_g": 0, "color_b": 255, "shape": 0, "width": 1024}, {"x": 0.46333058374871783, "y": 0.34320132921238355, "size": 0.1, "color_name": 116, "color_r": 255, "color_g": 0, "color_b": 0, "shape": 0, "width": 1024}, {"x": 0.46333058374871783, "y": 0.7144004430707945, "size": 0.1, "color_name": 8, "color_r": 0, "color_g": 0, "color_b": 255, "shape": 0, "width": 1024}, {"x": 0.5870636217015215, "y": 0.34320132921238355, "size": 0.1, "color_name": 116, "color_r": 255, "color_g": 0, "color_b": 0, "shape": 0, "width": 1024}, {"x": 0.5870636217015215, "y": 0.7144004430707945, "size": 0.1, "color_name": 116, "color_r": 255, "color_g": 0, "color_b": 0, "shape": 0, "width": 1024}, {"x": 0.2158645078431105, "y": 0.4669343671651872, "size": 0.1, "color_name": 116, "color_r": 255, "color_g": 0, "color_b": 0, "shape": 0, "width": 1024}, {"x": 0.5870636217015215, "y": 0.4669343671651872, "size": 0.1, "color_name": 8, "color_r": 0, "color_g": 0, "color_b": 255, "shape": 0, "width": 1024}, {"x": 0.2158645078431105, "y": 0.5906674051179909, "size": 0.1, "color_name": 116, "color_r": 255, "color_g": 0, "color_b": 0, "shape": 0, "width": 1024}, {"x": 0.5870636217015215, "y": 0.5906674051179909, "size": 0.1, "color_name": 116, "color_r": 255, "color_g": 0, "color_b": 0, "shape": 0, "width": 1024}], [{"x": 0.36472681679475155, "y": 0.35366456959133713, "size": 0.1, "color_name": 116, "color_r": 255, "color_g": 0, "color_b": 0, "shape": 0, "width": 1024}, {"x": 0.36472681679475155, "y": 0.717888189863779, "size": 0.1, "color_name": 116, "color_r": 255, "color_g": 0, "color_b": 0, "shape": 0, "width": 1024}, {"x": 0.4861346902188989, "y": 0.35366456959133713, "size": 0.1, "color_name": 116, "color_r": 255, "color_g": 0, "color_b": 0, "shape": 0, "width": 1024}, {"x": 0.4861346902188989, "y": 0.717888189863779, "size": 0.1, "color_name": 8, "color_r": 0, "color_g": 0, "color_b": 255, "shape": 0, "width": 1024}, {"x": 0.6075425636430462, "y": 0.35366456959133713, "size": 0.1, "color_name": 8, "color_r": 0, "color_g": 0, "color_b": 255, "shape": 0, "width": 1024}, {"x": 0.6075425636430462, "y": 0.717888189863779, "size": 0.1, "color_name": 116, "color_r": 255, "color_g": 0, "color_b": 0, "shape": 0, "width": 1024}, {"x": 0.7289504370671935, "y": 0.35366456959133713, "size": 0.1, "color_name": 116, "color_r": 255, "color_g": 0, "color_b": 0, "shape": 0, "width": 1024}, {"x": 0.7289504370671935, "y": 0.717888189863779, "size": 0.1, "color_name": 8, "color_r": 0, "color_g": 0, "color_b": 255, "shape": 0, "width": 1024}, {"x": 0.36472681679475155, "y": 0.47507244301548446, "size": 0.1, "color_name": 116, "color_r": 255, "color_g": 0, "color_b": 0, "shape": 0, "width": 1024}, {"x": 0.7289504370671935, "y": 0.47507244301548446, "size": 0.1, "color_name": 116, "color_r": 255, "color_g": 0, "color_b": 0, "shape": 0, "width": 1024}, {"x": 0.36472681679475155, "y": 0.5964803164396317, "size": 0.1, "color_name": 8, "color_r": 0, "color_g": 0, "color_b": 255, "shape": 0, "width": 1024}, {"x": 0.7289504370671935, "y": 0.5964803164396317, "size": 0.1, "color_name": 116, "color_r": 255, "color_g": 0, "color_b": 0, "shape": 0, "width": 1024}], [{"x": 0.2872924920565215, "y": 0.3939552734710876, "size": 0.1, "color_name": 8, "color_r": 0, "color_g": 0, "color_b": 255, "shape": 0, "width": 1024}, {"x": 0.2872924920565215, "y": 0.7685402575841307, "size": 0.1, "color_name": 116, "color_r": 255, "color_g": 0, "color_b": 0, "shape": 0, "width": 1024}, {"x": 0.41215415342753586, "y": 0.3939552734710876, "size": 0.1, "color_name": 8, "color_r": 0, "color_g": 0, "color_b": 255, "shape": 0, "width": 1024}, {"x": 0.41215415342753586, "y": 0.7685402575841307, "size": 0.1, "color_name": 8, "color_r": 0, "color_g": 0, "color_b": 255, "shape": 0, "width": 1024}, {"x": 0.5370158147985502, "y": 0.3939552734710876, "size": 0.1, "color_name": 8, "color_r": 0, "color_g": 0, "color_b": 255, "shape": 0, "width": 1024}, {"x": 0.5370158147985502, "y": 0.7685402575841307, "size": 0.1, "color_name": 8, "color_r": 0, "color_g": 0, "color_b": 255, "shape": 0, "width": 1024}, {"x": 0.6618774761695646, "y": 0.3939552734710876, "size": 0.1, "color_name": 116, "color_r": 255, "color_g": 0, "color_b": 0, "shape": 0, "width": 1024}, {"x": 0.6618774761695646, "y": 0.7685402575841307, "size": 0.1, "color_name": 116, "color_r": 255, "color_g": 0, "color_b": 0, "shape": 0, "width": 1024}, {"x": 0.2872924920565215, "y": 0.518816934842102, "size": 0.1, "color_name": 116, "color_r": 255, "color_g": 0, "color_b": 0, "shape": 0, "width": 1024}, {"x": 0.6618774761695646, "y": 0.518816934842102, "size": 0.1, "color_name": 116, "color_r": 255, "color_g": 0, "color_b": 0, "shape": 0, "width": 1024}, {"x": 0.2872924920565215, "y": 0.6436785962131163, "size": 0.1, "color_name": 8, "color_r": 0, "color_g": 0, "color_b": 255, "shape": 0, "width": 1024}, {"x": 0.6618774761695646, "y": 0.6436785962131163, "size": 0.1, "color_name": 8, "color_r": 0, "color_g": 0, "color_b": 255, "shape": 0, "width": 1024}], [{"x": 0.23369228805691084, "y": 0.32816710312257574, "size": 0.1, "color_name": 116, "color_r": 255, "color_g": 0, "color_b": 0, "shape": 0, "width": 1024}, {"x": 0.23369228805691084, "y": 0.709389034374192, "size": 0.1, "color_name": 8, "color_r": 0, "color_g": 0, "color_b": 255, "shape": 0, "width": 1024}, {"x": 0.3607662651407829, "y": 0.32816710312257574, "size": 0.1, "color_name": 8, "color_r": 0, "color_g": 0, "color_b": 255, "shape": 0, "width": 1024}, {"x": 0.3607662651407829, "y": 0.709389034374192, "size": 0.1, "color_name": 8, "color_r": 0, "color_g": 0, "color_b": 255, "shape": 0, "width": 1024}, {"x": 0.48784024222465494, "y": 0.32816710312257574, "size": 0.1, "color_name": 116, "color_r": 255, "color_g": 0, "color_b": 0, "shape": 0, "width": 1024}, {"x": 0.48784024222465494, "y": 0.709389034374192, "size": 0.1, "color_name": 116, "color_r": 255, "color_g": 0, "color_b": 0, "shape": 0, "width": 1024}, {"x": 0.6149142193085271, "y": 0.32816710312257574, "size": 0.1, "color_name": 8, "color_r": 0, "color_g": 0, "color_b": 255, "shape": 0, "width": 1024}, {"x": 0.6149142193085271, "y": 0.709389034374192, "size": 0.1, "color_name": 8, "color_r": 0, "color_g": 0, "color_b": 255, "shape": 0, "width": 1024}, {"x": 0.23369228805691084, "y": 0.4552410802064478, "size": 0.1, "color_name": 8, "color_r": 0, "color_g": 0, "color_b": 255, "shape": 0, "width": 1024}, {"x": 0.6149142193085271, "y": 0.4552410802064478, "size": 0.1, "color_name": 116, "color_r": 255, "color_g": 0, "color_b": 0, "shape": 0, "width": 1024}, {"x": 0.23369228805691084, "y": 0.5823150572903198, "size": 0.1, "color_name": 116, "color_r": 255, "color_g": 0, "color_b": 0, "shape": 0, "width": 1024}, {"x": 0.6149142193085271, "y": 0.5823150572903198, "size": 0.1, "color_name": 116, "color_r": 255, "color_g": 0, "color_b": 0, "shape": 0, "width": 1024}], [{"x": 0.4033384913840825, "y": 0.2611860092948341, "size": 0.1, "color_name": 8, "color_r": 0, "color_g": 0, "color_b": 255, "shape": 0, "width": 1024}, {"x": 0.4033384913840825, "y": 0.5922936817054458, "size": 0.1, "color_name": 116, "color_r": 255, "color_g": 0, "color_b": 0, "shape": 0, "width": 1024}, {"x": 0.5137077155209531, "y": 0.2611860092948341, "size": 0.1, "color_name": 116, "color_r": 255, "color_g": 0, "color_b": 0, "shape": 0, "width": 1024}, {"x": 0.5137077155209531, "y": 0.5922936817054458, "size": 0.1, "color_name": 116, "color_r": 255, "color_g": 0, "color_b": 0, "shape": 0, "width": 1024}, {"x": 0.6240769396578236, "y": 0.2611860092948341, "size": 0.1, "color_name": 116, "color_r": 255, "color_g": 0, "color_b": 0, "shape": 0, "width": 1024}, {"x": 0.6240769396578236, "y": 0.5922936817054458, "size": 0.1, "color_name": 116, "color_r": 255, "color_g": 0, "color_b": 0, "shape": 0, "width": 1024}, {"x": 0.7344461637946942, "y": 0.2611860092948341, "size": 0.1, "color_name": 116, "color_r": 255, "color_g": 0, "color_b": 0, "shape": 0, "width": 1024}, {"x": 0.7344461637946942, "y": 0.5922936817054458, "size": 0.1, "color_name": 8, "color_r": 0, "color_g": 0, "color_b": 255, "shape": 0, "width": 1024}, {"x": 0.4033384913840825, "y": 0.37155523343170466, "size": 0.1, "color_name": 8, "color_r": 0, "color_g": 0, "color_b": 255, "shape": 0, "width": 1024}, {"x": 0.7344461637946942, "y": 0.37155523343170466, "size": 0.1, "color_name": 116, "color_r": 255, "color_g": 0, "color_b": 0, "shape": 0, "width": 1024}, {"x": 0.4033384913840825, "y": 0.4819244575685752, "size": 0.1, "color_name": 8, "color_r": 0, "color_g": 0, "color_b": 255, "shape": 0, "width": 1024}, {"x": 0.7344461637946942, "y": 0.4819244575685752, "size": 0.1, "color_name": 8, "color_r": 0, "color_g": 0, "color_b": 255, "shape": 0, "width": 1024}], [{"x": 0.27792840480650977, "y": 0.41425681868008785, "size": 0.1, "color_name": 8, "color_r": 0, "color_g": 0, "color_b": 255, "shape": 0, "width": 1024}, {"x": 0.27792840480650977, "y": 0.7701136282931074, "size": 0.1, "color_name": 8, "color_r": 0, "color_g": 0, "color_b": 255, "shape": 0, "width": 1024}, {"x": 0.39654734134418296, "y": 0.41425681868008785, "size": 0.1, "color_name": 8, "color_r": 0, "color_g": 0, "color_b": 255, "shape": 0, "width": 1024}, {"x": 0.39654734134418296, "y": 0.7701136282931074, "size": 0.1, "color_name": 8, "color_r": 0, "color_g": 0, "color_b": 255, "shape": 0, "width": 1024}, {"x": 0.5151662778818562, "y": 0.41425681868008785, "size": 0.1, "color_name": 116, "color_r": 255, "color_g": 0, "color_b": 0, "shape": 0, "width": 1024}, {"x": 0.5151662778818562, "y": 0.7701136282931074, "size": 0.1, "color_name": 116, "color_r": 255, "color_g": 0, "color_b": 0, "shape": 0, "width": 1024}, {"x": 0.6337852144195293, "y": 0.41425681868008785, "size": 0.1, "color_name": 116, "color_r": 255, "color_g": 0, "color_b": 0, "shape": 0, "width": 1024}, {"x": 0.6337852144195293, "y": 0.7701136282931074, "size": 0.1, "color_name": 8, "color_r": 0, "color_g": 0, "color_b": 255, "shape": 0, "width": 1024}, {"x": 0.27792840480650977, "y": 0.532875755217761, "size": 0.1, "color_name": 116, "color_r": 255, "color_g": 0, "color_b": 0, "shape": 0, "width": 1024}, {"x": 0.6337852144195293, "y": 0.532875755217761, "size": 0.1, "color_name": 8, "color_r": 0, "color_g": 0, "color_b": 255, "shape": 0, "width": 1024}, {"x": 0.27792840480650977, "y": 0.6514946917554343, "size": 0.1, "color_name": 8, "color_r": 0, "color_g": 0, "color_b": 255, "shape": 0, "width": 1024}, {"x": 0.6337852144195293, "y": 0.6514946917554343, "size": 0.1, "color_name": 8, "color_r": 0, "color_g": 0, "color_b": 255, "shape": 0, "width": 1024}], [{"x": 0.2626816281151696, "y": 0.2952011725733944, "size": 0.1, "color_name": 116, "color_r": 255, "color_g": 0, "color_b": 0, "shape": 0, "width": 1024}, {"x": 0.2626816281151696, "y": 0.6856035177201831, "size": 0.1, "color_name": 116, "color_r": 255, "color_g": 0, "color_b": 0, "shape": 0, "width": 1024}, {"x": 0.3928157431640992, "y": 0.2952011725733944, "size": 0.1, "color_name": 8, "color_r": 0, "color_g": 0, "color_b": 255, "shape": 0, "width": 1024}, {"x": 0.3928157431640992, "y": 0.6856035177201831, "size": 0.1, "color_name": 8, "color_r": 0, "color_g": 0, "color_b": 255, "shape": 0, "width": 1024}, {"x": 0.5229498582130288, "y": 0.2952011725733944, "size": 0.1, "color_name": 116, "color_r": 255, "color_g": 0, "color_b": 0, "shape": 0, "width": 1024}, {"x": 0.5229498582130288, "y": 0.6856035177201831, "size": 0.1, "color_name": 8, "color_r": 0, "color_g": 0, "color_b": 255, "shape": 0, "width": 1024}, {"x": 0.6530839732619584, "y": 0.2952011725733944, "size": 0.1, "color_name": 116, "color_r": 255, "color_g": 0, "color_b": 0, "shape": 0, "width": 1024}, {"x": 0.6530839732619584, "y": 0.6856035177201831, "size": 0.1, "color_name": 8, "color_r": 0, "color_g": 0, "color_b": 255, "shape": 0, "width": 1024}, {"x": 0.2626816281151696, "y": 0.425335287622324, "size": 0.1, "color_name": 116, "color_r": 255, "color_g": 0, "color_b": 0, "shape": 0, "width": 1024}, {"x": 0.6530839732619584, "y": 0.425335287622324, "size": 0.1, "color_name": 116, "color_r": 255, "color_g": 0, "color_b": 0, "shape": 0, "width": 1024}, {"x": 0.2626816281151696, "y": 0.5554694026712537, "size": 0.1, "color_name": 116, "color_r": 255, "color_g": 0, "color_b": 0, "shape": 0, "width": 1024}, {"x": 0.6530839732619584, "y": 0.5554694026712537, "size": 0.1, "color_name": 8, "color_r": 0, "color_g": 0, "color_b": 255, "shape": 0, "width": 1024}], [{"x": 0.37052244444963445, "y": 0.32254266805884646, "size": 0.1, "color_name": 8, "color_r": 0, "color_g": 0, "color_b": 255, "shape": 0, "width": 1024}, {"x": 0.37052244444963445, "y": 0.7075142226862822, "size": 0.1, "color_name": 8, "color_r": 0, "color_g": 0, "color_b": 255, "shape": 0, "width": 1024}, {"x": 0.49884629599211305, "y": 0.32254266805884646, "size": 0.1, "color_name": 116, "color_r": 255, "color_g": 0, "color_b": 0, "shape": 0, "width": 1024}, {"x": 0.49884629599211305, "y": 0.7075142226862822, "size": 0.1, "color_name": 8, "color_r": 0, "color_g": 0, "color_b": 255, "shape": 0, "width": 1024}, {"x": 0.6271701475345917, "y": 0.32254266805884646, "size": 0.1, "color_name": 8, "color_r": 0, "color_g": 0, "color_b": 255, "shape": 0, "width": 1024}, {"x": 0.6271701475345917, "y": 0.7075142226862822, "size": 0.1, "color_name": 8, "color_r": 0, "color_g": 0, "color_b": 255, "shape": 0, "width": 1024}, {"x": 0.7554939990770702, "y": 0.32254266805884646, "size": 0.1, "color_name": 116, "color_r": 255, "color_g": 0, "color_b": 0, "shape": 0, "width": 1024}, {"x": 0.7554939990770702, "y": 0.7075142226862822, "size": 0.1, "color_name": 116, "color_r": 255, "color_g": 0, "color_b": 0, "shape": 0, "width": 1024}, {"x": 0.37052244444963445, "y": 0.45086651960132507, "size": 0.1, "color_name": 8, "color_r": 0, "color_g": 0, "color_b": 255, "shape": 0, "width": 1024}, {"x": 0.7554939990770702, "y": 0.45086651960132507, "size": 0.1, "color_name": 8, "color_r": 0, "color_g": 0, "color_b": 255, "shape": 0, "width": 1024}, {"x": 0.37052244444963445, "y": 0.5791903711438036, "size": 0.1, "color_name": 116, "color_r": 255, "color_g": 0, "color_b": 0, "shape": 0, "width": 1024}, {"x": 0.7554939990770702, "y": 0.5791903711438036, "size": 0.1, "color_name": 8, "color_r": 0, "color_g": 0, "color_b": 255, "shape": 0, "width": 1024}], [{"x": 0.4031530983949508, "y": 0.2706353287763659, "size": 0.1, "color_name": 116, "color_r": 255, "color_g": 0, "color_b": 0, "shape": 0, "width": 1024}, {"x": 0.4031530983949508, "y": 0.6119059863290979, "size": 0.1, "color_name": 116, "color_r": 255, "color_g": 0, "color_b": 0, "shape": 0, "width": 1024}, {"x": 0.5169099842458614, "y": 0.2706353287763659, "size": 0.1, "color_name": 116, "color_r": 255, "color_g": 0, "color_b": 0, "shape": 0, "width": 1024}, {"x": 0.5169099842458614, "y": 0.6119059863290979, "size": 0.1, "color_name": 116, "color_r": 255, "color_g": 0, "color_b": 0, "shape": 0, "width": 1024}, {"x": 0.630666870096772, "y": 0.2706353287763659, "size": 0.1, "color_name": 8, "color_r": 0, "color_g": 0, "color_b": 255, "shape": 0, "width": 1024}, {"x": 0.630666870096772, "y": 0.6119059863290979, "size": 0.1, "color_name": 116, "color_r": 255, "color_g": 0, "color_b": 0, "shape": 0, "width": 1024}, {"x": 0.7444237559476827, "y": 0.2706353287763659, "size": 0.1, "color_name": 8, "color_r": 0, "color_g": 0, "color_b": 255, "shape": 0, "width": 1024}, {"x": 0.7444237559476827, "y": 0.6119059863290979, "size": 0.1, "color_name": 116, "color_r": 255, "color_g": 0, "color_b": 0, "shape": 0, "width": 1024}, {"x": 0.4031530983949508, "y": 0.3843922146272766, "size": 0.1, "color_name": 116, "color_r": 255, "color_g": 0, "color_b": 0, "shape": 0, "width": 1024}, {"x": 0.7444237559476827, "y": 0.3843922146272766, "size": 0.1, "color_name": 116, "color_r": 255, "color_g": 0, "color_b": 0, "shape": 0, "width": 1024}, {"x": 0.4031530983949508, "y": 0.49814910047818717, "size": 0.1, "color_name": 116, "color_r": 255, "color_g": 0, "color_b": 0, "shape": 0, "width": 1024}, {"x": 0.7444237559476827, "y": 0.49814910047818717, "size": 0.1, "color_name": 8, "color_r": 0, "color_g": 0, "color_b": 255, "shape": 0, "width": 1024}], [{"x": 0.264617569070183, "y": 0.37013053239517524, "size": 0.1, "color_name": 116, "color_r": 255, "color_g": 0, "color_b": 0, "shape": 0, "width": 1024}, {"x": 0.264617569070183, "y": 0.7233768441317251, "size": 0.1, "color_name": 8, "color_r": 0, "color_g": 0, "color_b": 255, "shape": 0, "width": 1024}, {"x": 0.382366339649033, "y": 0.37013053239517524, "size": 0.1, "color_name": 116, "color_r": 255, "color_g": 0, "color_b": 0, "shape": 0, "width": 1024}, {"x": 0.382366339649033, "y": 0.7233768441317251, "size": 0.1, "color_name": 116, "color_r": 255, "color_g": 0, "color_b": 0, "shape": 0, "width": 1024}, {"x": 0.5001151102278829, "y": 0.37013053239517524, "size": 0.1, "color_name": 8, "color_r": 0, "color_g": 0, "color_b": 255, "shape": 0, "width": 1024}, {"x": 0.5001151102278829, "y": 0.7233768441317251, "size": 0.1, "color_name": 116, "color_r": 255, "color_g": 0, "color_b": 0, "shape": 0, "width": 1024}, {"x": 0.6178638808067329, "y": 0.37013053239517524, "size": 0.1, "color_name": 116, "color_r": 255, "color_g": 0, "color_b": 0, "shape": 0, "width": 1024}, {"x": 0.6178638808067329, "y": 0.7233768441317251, "size": 0.1, "color_name": 8, "color_r": 0, "color_g": 0, "color_b": 255, "shape": 0, "width": 1024}, {"x": 0.264617569070183, "y": 0.4878793029740252, "size": 0.1, "color_name": 116, "color_r": 255, "color_g": 0, "color_b": 0, "shape": 0, "width": 1024}, {"x": 0.6178638808067329, "y": 0.4878793029740252, "size": 0.1, "color_name": 8, "color_r": 0, "color_g": 0, "color_b": 255, "shape": 0, "width": 1024}, {"x": 0.264617569070183, "y": 0.6056280735528752, "size": 0.1, "color_name": 116, "color_r": 255, "color_g": 0, "color_b": 0, "shape": 0, "width": 1024}, {"x": 0.6178638808067329, "y": 0.6056280735528752, "size": 0.1, "color_name": 116, "color_r": 255, "color_g": 0, "color_b": 0, "shape": 0, "width": 1024}], [{"x": 0.4149318489458708, "y": 0.27232740230833724, "size": 0.1, "color_name": 116, "color_r": 255, "color_g": 0, "color_b": 0, "shape": 0, "width": 1024}, {"x": 0.4149318489458708, "y": 0.6169822069250117, "size": 0.1, "color_name": 116, "color_r": 255, "color_g": 0, "color_b": 0, "shape": 0, "width": 1024}, {"x": 0.5298167838180956, "y": 0.27232740230833724, "size": 0.1, "color_name": 8, "color_r": 0, "color_g": 0, "color_b": 255, "shape": 0, "width": 1024}, {"x": 0.5298167838180956, "y": 0.6169822069250117, "size": 0.1, "color_name": 116, "color_r": 255, "color_g": 0, "color_b": 0, "shape": 0, "width": 1024}, {"x": 0.6447017186903206, "y": 0.27232740230833724, "size": 0.1, "color_name": 116, "color_r": 255, "color_g": 0, "color_b": 0, "shape": 0, "width": 1024}, {"x": 0.6447017186903206, "y": 0.6169822069250117, "size": 0.1, "color_name": 8, "color_r": 0, "color_g": 0, "color_b": 255, "shape": 0, "width": 1024}, {"x": 0.7595866535625453, "y": 0.27232740230833724, "size": 0.1, "color_name": 8, "color_r": 0, "color_g": 0, "color_b": 255, "shape": 0, "width": 1024}, {"x": 0.7595866535625453, "y": 0.6169822069250117, "size": 0.1, "color_name": 116, "color_r": 255, "color_g": 0, "color_b": 0, "shape": 0, "width": 1024}, {"x": 0.4149318489458708, "y": 0.3872123371805621, "size": 0.1, "color_name": 116, "color_r": 255, "color_g": 0, "color_b": 0, "shape": 0, "width": 1024}, {"x": 0.7595866535625453, "y": 0.3872123371805621, "size": 0.1, "color_name": 8, "color_r": 0, "color_g": 0, "color_b": 255, "shape": 0, "width": 1024}, {"x": 0.4149318489458708, "y": 0.502097272052787, "size": 0.1, "color_name": 116, "color_r": 255, "color_g": 0, "color_b": 0, "shape": 0, "width": 1024}, {"x": 0.7595866535625453, "y": 0.502097272052787, "size": 0.1, "color_name": 8, "color_r": 0, "color_g": 0, "color_b": 255, "shape": 0, "width": 1024}], [{"x": 0.33424665411410187, "y": 0.2283330201068206, "size": 0.1, "color_name": 116, "color_r": 255, "color_g": 0, "color_b": 0, "shape": 0, "width": 1024}, {"x": 0.33424665411410187, "y": 0.6055019173640861, "size": 0.1, "color_name": 8, "color_r": 0, "color_g": 0, "color_b": 255, "shape": 0, "width": 1024}, {"x": 0.4599696198665237, "y": 0.2283330201068206, "size": 0.1, "color_name": 8, "color_r": 0, "color_g": 0, "color_b": 255, "shape": 0, "width": 1024}, {"x": 0.4599696198665237, "y": 0.6055019173640861, "size": 0.1, "color_name": 8, "color_r": 0, "color_g": 0, "color_b": 255, "shape": 0, "width": 1024}, {"x": 0.5856925856189454, "y": 0.2283330201068206, "size": 0.1, "color_name": 8, "color_r": 0, "color_g": 0, "color_b": 255, "shape": 0, "width": 1024}, {"x": 0.5856925856189454, "y": 0.6055019173640861, "size": 0.1, "color_name": 116, "color_r": 255, "color_g": 0, "color_b": 0, "shape": 0, "width": 1024}, {"x": 0.7114155513713674, "y": 0.2283330201068206, "size": 0.1, "color_name": 8, "color_r": 0, "color_g": 0, "color_b": 255, "shape": 0, "width": 1024}, {"x": 0.7114155513713674, "y": 0.6055019173640861, "size": 0.1, "color_name": 116, "color_r": 255, "color_g": 0, "color_b": 0, "shape": 0, "width": 1024}, {"x": 0.33424665411410187, "y": 0.3540559858592424, "size": 0.1, "color_name": 116, "color_r": 255, "color_g": 0, "color_b": 0, "shape": 0, "width": 1024}, {"x": 0.7114155513713674, "y": 0.3540559858592424, "size": 0.1, "color_name": 116, "color_r": 255, "color_g": 0, "color_b": 0, "shape": 0, "width": 1024}, {"x": 0.33424665411410187, "y": 0.47977895161166423, "size": 0.1, "color_name": 8, "color_r": 0, "color_g": 0, "color_b": 255, "shape": 0, "width": 1024}, {"x": 0.7114155513713674, "y": 0.47977895161166423, "size": 0.1, "color_name": 116, "color_r": 255, "color_g": 0, "color_b": 0, "shape": 0, "width": 1024}], [{"x": 0.3619310620168316, "y": 0.3049732192557922, "size": 0.1, "color_name": 8, "color_r": 0, "color_g": 0, "color_b": 255, "shape": 0, "width": 1024}, {"x": 0.3619310620168316, "y": 0.7016577397519308, "size": 0.1, "color_name": 8, "color_r": 0, "color_g": 0, "color_b": 255, "shape": 0, "width": 1024}, {"x": 0.49415923551554447, "y": 0.3049732192557922, "size": 0.1, "color_name": 116, "color_r": 255, "color_g": 0, "color_b": 0, "shape": 0, "width": 1024}, {"x": 0.49415923551554447, "y": 0.7016577397519308, "size": 0.1, "color_name": 8, "color_r": 0, "color_g": 0, "color_b": 255, "shape": 0, "width": 1024}, {"x": 0.6263874090142574, "y": 0.3049732192557922, "size": 0.1, "color_name": 116, "color_r": 255, "color_g": 0, "color_b": 0, "shape": 0, "width": 1024}, {"x": 0.6263874090142574, "y": 0.7016577397519308, "size": 0.1, "color_name": 116, "color_r": 255, "color_g": 0, "color_b": 0, "shape": 0, "width": 1024}, {"x": 0.7586155825129701, "y": 0.3049732192557922, "size": 0.1, "color_name": 116, "color_r": 255, "color_g": 0, "color_b": 0, "shape": 0, "width": 1024}, {"x": 0.7586155825129701, "y": 0.7016577397519308, "size": 0.1, "color_name": 116, "color_r": 255, "color_g": 0, "color_b": 0, "shape": 0, "width": 1024}, {"x": 0.3619310620168316, "y": 0.43720139275450504, "size": 0.1, "color_name": 116, "color_r": 255, "color_g": 0, "color_b": 0, "shape": 0, "width": 1024}, {"x": 0.7586155825129701, "y": 0.43720139275450504, "size": 0.1, "color_name": 8, "color_r": 0, "color_g": 0, "color_b": 255, "shape": 0, "width": 1024}, {"x": 0.3619310620168316, "y": 0.5694295662532178, "size": 0.1, "color_name": 8, "color_r": 0, "color_g": 0, "color_b": 255, "shape": 0, "width": 1024}, {"x": 0.7586155825129701, "y": 0.5694295662532178, "size": 0.1, "color_name": 8, "color_r": 0, "color_g": 0, "color_b": 255, "shape": 0, "width": 1024}]]}