{"principle": "closure", "img_data": [[{"x": 0.5, "y": 0.30715131645924165, "size": 0.22722763549682243, "color_name": 142, "color_r": 255, "color_g": 255, "color_b": 0, "shape": 0, "width": 1024}, {"x": 0.6670118590326827, "y": 0.5964243417703792, "size": 0.22722763549682243, "color_name": 8, "color_r": 0, "color_g": 0, "color_b": 255, "shape": 0, "width": 1024}, {"x": 0.3329881409673173, "y": 0.5964243417703792, "size": 0.22722763549682243, "color_name": 142, "color_r": 255, "color_g": 255, "color_b": 0, "shape": 0, "width": 1024}, {"x": 0.5, "y": 0.5, "size": 0.47717674009337907, "color_name": 68, "color_r": 211, "color_g": 211, "color_b": 211, "shape": 0, "width": 1024}], [{"x": 0.5, "y": 0.14758944341894575, "size": 0.38028130044793096, "color_name": 142, "color_r": 255, "color_g": 255, "color_b": 0, "shape": 0, "width": 1024}, {"x": 0.8051964945610063, "y": 0.6762052782905271, "size": 0.38028130044793096, "color_name": 8, "color_r": 0, "color_g": 0, "color_b": 255, "shape": 0, "width": 1024}, {"x": 0.19480350543899372, "y": 0.6762052782905271, "size": 0.38028130044793096, "color_name": 51, "color_r": 0, "color_g": 128, "color_b": 0, "shape": 0, "width": 1024}, {"x": 0.5, "y": 0.5, "size": 0.8719899844600181, "color_name": 68, "color_r": 211, "color_g": 211, "color_b": 211, "shape": 0, "width": 1024}], [{"x": 0.5, "y": 0.306940456825753, "size": 0.1948665692221808, "color_name": 142, "color_r": 255, "color_g": 255, "color_b": 0, "shape": 0, "width": 1024}, {"x": 0.6671944688319165, "y": 0.5965297715871235, "size": 0.1948665692221808, "color_name": 8, "color_r": 0, "color_g": 0, "color_b": 255, "shape": 0, "width": 1024}, {"x": 0.3328055311680835, "y": 0.5965297715871235, "size": 0.1948665692221808, "color_name": 51, "color_r": 0, "color_g": 128, "color_b": 0, "shape": 0, "width": 1024}, {"x": 0.5, "y": 0.5, "size": 0.4776984823769044, "color_name": 68, "color_r": 211, "color_g": 211, "color_b": 211, "shape": 0, "width": 1024}], [{"x": 0.5, "y": 0.18060189382659048, "size": 0.3902757983943132, "color_name": 142, "color_r": 255, "color_g": 255, "color_b": 0, "shape": 0, "width": 1024}, {"x": 0.7766068738668119, "y": 0.6596990530867047, "size": 0.3902757983943132, "color_name": 8, "color_r": 0, "color_g": 0, "color_b": 255, "shape": 0, "width": 1024}, {"x": 0.223393126133188, "y": 0.6596990530867047, "size": 0.3902757983943132, "color_name": 142, "color_r": 255, "color_g": 255, "color_b": 0, "shape": 0, "width": 1024}, {"x": 0.5, "y": 0.5, "size": 0.7903053539051772, "color_name": 68, "color_r": 211, "color_g": 211, "color_b": 211, "shape": 0, "width": 1024}], [{"x": 0.5, "y": 0.1590664651032368, "size": 0.2653148263649515, "color_name": 8, "color_r": 0, "color_g": 0, "color_b": 255, "shape": 0, "width": 1024}, {"x": 0.7952571022226254, "y": 0.6704667674483815, "size": 0.2653148263649515, "color_name": 8, "color_r": 0, "color_g": 0, "color_b": 255, "shape": 0, "width": 1024}, {"x": 0.20474289777737464, "y": 0.6704667674483815, "size": 0.2653148263649515, "color_name": 142, "color_r": 255, "color_g": 255, "color_b": 0, "shape": 0, "width": 1024}, {"x": 0.5, "y": 0.5, "size": 0.8435917206360726, "color_name": 68, "color_r": 211, "color_g": 211, "color_b": 211, "shape": 0, "width": 1024}], [{"x": 0.5, "y": 0.19185877258920025, "size": 0.2804712758789513, "color_name": 8, "color_r": 0, "color_g": 0, "color_b": 255, "shape": 0, "width": 1024}, {"x": 0.7668581308910705, "y": 0.6540706137053999, "size": 0.2804712758789513, "color_name": 51, "color_r": 0, "color_g": 128, "color_b": 0, "shape": 0, "width": 1024}, {"x": 0.2331418691089296, "y": 0.6540706137053999, "size": 0.2804712758789513, "color_name": 51, "color_r": 0, "color_g": 128, "color_b": 0, "shape": 0, "width": 1024}, {"x": 0.5, "y": 0.5, "size": 0.7624518025459155, "color_name": 68, "color_r": 211, "color_g": 211, "color_b": 211, "shape": 0, "width": 1024}], [{"x": 0.5, "y": 0.14495117362535548, "size": 0.33848852018247394, "color_name": 8, "color_r": 0, "color_g": 0, "color_b": 255, "shape": 0, "width": 1024}, {"x": 0.8074813032242926, "y": 0.6775244131873223, "size": 0.33848852018247394, "color_name": 51, "color_r": 0, "color_g": 128, "color_b": 0, "shape": 0, "width": 1024}, {"x": 0.19251869677570743, "y": 0.6775244131873223, "size": 0.33848852018247394, "color_name": 8, "color_r": 0, "color_g": 0, "color_b": 255, "shape": 0, "width": 1024}, {"x": 0.5, "y": 0.5, "size": 0.8785180092122645, "color_name": 68, "color_r": 211, "color_g": 211, "color_b": 211, "shape": 0, "width": 1024}], [{"x": 0.5, "y": 0.15212126159621525, "size": 0.3882530078936897, "color_name": 51, "color_r": 0, "color_g": 128, "color_b": 0, "shape": 0, "width": 1024}, {"x": 0.8012718248941588, "y": 0.6739393692018923, "size": 0.3882530078936897, "color_name": 51, "color_r": 0, "color_g": 128, "color_b": 0, "shape": 0, "width": 1024}, {"x": 0.19872817510584118, "y": 0.6739393692018923, "size": 0.3882530078936897, "color_name": 142, "color_r": 255, "color_g": 255, "color_b": 0, "shape": 0, "width": 1024}, {"x": 0.5, "y": 0.5, "size": 0.8607766425547396, "color_name": 68, "color_r": 211, "color_g": 211, "color_b": 211, "shape": 0, "width": 1024}], [{"x": 0.5, "y": 0.15718698594140562, "size": 0.3176345472131147, "color_name": 142, "color_r": 255, "color_g": 255, "color_b": 0, "shape": 0, "width": 1024}, {"x": 0.7968847789226546, "y": 0.6714065070292972, "size": 0.3176345472131147, "color_name": 51, "color_r": 0, "color_g": 128, "color_b": 0, "shape": 0, "width": 1024}, {"x": 0.20311522107734536, "y": 0.6714065070292972, "size": 0.3176345472131147, "color_name": 51, "color_r": 0, "color_g": 128, "color_b": 0, "shape": 0, "width": 1024}, {"x": 0.5, "y": 0.5, "size": 0.8482422254932992, "color_name": 68, "color_r": 211, "color_g": 211, "color_b": 211, "shape": 0, "width": 1024}], [{"x": 0.5, "y": 0.1944907502177033, "size": 0.24762972028113384, "color_name": 142, "color_r": 255, "color_g": 255, "color_b": 0, "shape": 0, "width": 1024}, {"x": 0.7645787714025944, "y": 0.6527546248911483, "size": 0.24762972028113384, "color_name": 142, "color_r": 255, "color_g": 255, "color_b": 0, "shape": 0, "width": 1024}, {"x": 0.23542122859740555, "y": 0.6527546248911483, "size": 0.24762972028113384, "color_name": 51, "color_r": 0, "color_g": 128, "color_b": 0, "shape": 0, "width": 1024}, {"x": 0.5, "y": 0.5, "size": 0.7559393468645557, "color_name": 68, "color_r": 211, "color_g": 211, "color_b": 211, "shape": 0, "width": 1024}], [{"x": 0.5, "y": 0.1431042982805118, "size": 0.43535380891714637, "color_name": 142, "color_r": 255, "color_g": 255, "color_b": 0, "shape": 0, "width": 1024}, {"x": 0.8090807441905503, "y": 0.678447850859744, "size": 0.43535380891714637, "color_name": 51, "color_r": 0, "color_g": 128, "color_b": 0, "shape": 0, "width": 1024}, {"x": 0.19091925580944963, "y": 0.678447850859744, "size": 0.43535380891714637, "color_name": 51, "color_r": 0, "color_g": 128, "color_b": 0, "shape": 0, "width": 1024}, {"x": 0.5, "y": 0.5, "size": 0.8830878405444296, "color_name": 68, "color_r": 211, "color_g": 211, "color_b": 211, "shape": 0, "width": 1024}], [{"x": 0.5, "y": 0.27154246499366963, "size": 0.22855719708222116, "color_name": 142, "color_r": 255, "color_g": 255, "color_b": 0, "shape": 0, "width": 1024}, {"x": 0.6978500290014549, "y": 0.6142287675031652, "size": 0.22855719708222116, "color_name": 8, "color_r": 0, "color_g": 0, "color_b": 255, "shape": 0, "width": 1024}, {"x": 0.3021499709985452, "y": 0.6142287675031652, "size": 0.22855719708222116, "color_name": 51, "color_r": 0, "color_g": 128, "color_b": 0, "shape": 0, "width": 1024}, {"x": 0.5, "y": 0.5, "size": 0.5652857971470139, "color_name": 68, "color_r": 211, "color_g": 211, "color_b": 211, "shape": 0, "width": 1024}], [{"x": 0.5, "y": 0.21494963132394623, "size": 0.2557999147850366, "color_name": 51, "color_r": 0, "color_g": 128, "color_b": 0, "shape": 0, "width": 1024}, {"x": 0.7468608606315825, "y": 0.6425251843380269, "size": 0.2557999147850366, "color_name": 51, "color_r": 0, "color_g": 128, "color_b": 0, "shape": 0, "width": 1024}, {"x": 0.2531391393684174, "y": 0.6425251843380269, "size": 0.2557999147850366, "color_name": 142, "color_r": 255, "color_g": 255, "color_b": 0, "shape": 0, "width": 1024}, {"x": 0.5, "y": 0.5, "size": 0.7053167446616646, "color_name": 68, "color_r": 211, "color_g": 211, "color_b": 211, "shape": 0, "width": 1024}], [{"x": 0.5, "y": 0.28493951687353236, "size": 0.21866724152557634, "color_name": 51, "color_r": 0, "color_g": 128, "color_b": 0, "shape": 0, "width": 1024}, {"x": 0.6862478417376756, "y": 0.6075302415632338, "size": 0.21866724152557634, "color_name": 8, "color_r": 0, "color_g": 0, "color_b": 255, "shape": 0, "width": 1024}, {"x": 0.3137521582623244, "y": 0.6075302415632338, "size": 0.21866724152557634, "color_name": 8, "color_r": 0, "color_g": 0, "color_b": 255, "shape": 0, "width": 1024}, {"x": 0.5, "y": 0.5, "size": 0.5321366906790732, "color_name": 68, "color_r": 211, "color_g": 211, "color_b": 211, "shape": 0, "width": 1024}], [{"x": 0.5, "y": 0.1900957378023101, "size": 0.24026885627189873, "color_name": 8, "color_r": 0, "color_g": 0, "color_b": 255, "shape": 0, "width": 1024}, {"x": 0.768384963804273, "y": 0.6549521310988449, "size": 0.24026885627189873, "color_name": 51, "color_r": 0, "color_g": 128, "color_b": 0, "shape": 0, "width": 1024}, {"x": 0.23161503619572704, "y": 0.6549521310988449, "size": 0.24026885627189873, "color_name": 8, "color_r": 0, "color_g": 0, "color_b": 255, "shape": 0, "width": 1024}, {"x": 0.5, "y": 0.5, "size": 0.7668141822979229, "color_name": 68, "color_r": 211, "color_g": 211, "color_b": 211, "shape": 0, "width": 1024}], [{"x": 0.5, "y": 0.29996642101083526, "size": 0.1901289401090821, "color_name": 142, "color_r": 255, "color_g": 255, "color_b": 0, "shape": 0, "width": 1024}, {"x": 0.6732341610145378, "y": 0.6000167894945824, "size": 0.1901289401090821, "color_name": 8, "color_r": 0, "color_g": 0, "color_b": 255, "shape": 0, "width": 1024}, {"x": 0.3267658389854622, "y": 0.6000167894945824, "size": 0.1901289401090821, "color_name": 51, "color_r": 0, "color_g": 128, "color_b": 0, "shape": 0, "width": 1024}, {"x": 0.5, "y": 0.5, "size": 0.4949547457558223, "color_name": 68, "color_r": 211, "color_g": 211, "color_b": 211, "shape": 0, "width": 1024}], [{"x": 0.5, "y": 0.3162713132570548, "size": 0.14880157146197331, "color_name": 142, "color_r": 255, "color_g": 255, "color_b": 0, "shape": 0, "width": 1024}, {"x": 0.6591137101233437, "y": 0.5918643433714725, "size": 0.14880157146197331, "color_name": 142, "color_r": 255, "color_g": 255, "color_b": 0, "shape": 0, "width": 1024}, {"x": 0.34088628987665626, "y": 0.5918643433714725, "size": 0.14880157146197331, "color_name": 142, "color_r": 255, "color_g": 255, "color_b": 0, "shape": 0, "width": 1024}, {"x": 0.5, "y": 0.5, "size": 0.4546106003524108, "color_name": 68, "color_r": 211, "color_g": 211, "color_b": 211, "shape": 0, "width": 1024}], [{"x": 0.5, "y": 0.2889547657243926, "size": 0.2115698219108147, "color_name": 8, "color_r": 0, "color_g": 0, "color_b": 255, "shape": 0, "width": 1024}, {"x": 0.6827705342303143, "y": 0.6055226171378036, "size": 0.2115698219108147, "color_name": 51, "color_r": 0, "color_g": 128, "color_b": 0, "shape": 0, "width": 1024}, {"x": 0.3172294657696857, "y": 0.6055226171378036, "size": 0.2115698219108147, "color_name": 8, "color_r": 0, "color_g": 0, "color_b": 255, "shape": 0, "width": 1024}, {"x": 0.5, "y": 0.5, "size": 0.5222015263723266, "color_name": 68, "color_r": 211, "color_g": 211, "color_b": 211, "shape": 0, "width": 1024}], [{"x": 0.5, "y": 0.33336600557442153, "size": 0.1566630128589069, "color_name": 8, "color_r": 0, "color_g": 0, "color_b": 255, "shape": 0, "width": 1024}, {"x": 0.6443092723066255, "y": 0.5833169972127892, "size": 0.1566630128589069, "color_name": 8, "color_r": 0, "color_g": 0, "color_b": 255, "shape": 0, "width": 1024}, {"x": 0.3556907276933745, "y": 0.5833169972127892, "size": 0.1566630128589069, "color_name": 51, "color_r": 0, "color_g": 128, "color_b": 0, "shape": 0, "width": 1024}, {"x": 0.5, "y": 0.5, "size": 0.41231220659035855, "color_name": 68, "color_r": 211, "color_g": 211, "color_b": 211, "shape": 0, "width": 1024}], [{"x": 0.5, "y": 0.2926300487032273, "size": 0.17004813814945605, "color_name": 51, "color_r": 0, "color_g": 128, "color_b": 0, "shape": 0, "width": 1024}, {"x": 0.679587645804547, "y": 0.6036849756483863, "size": 0.17004813814945605, "color_name": 142, "color_r": 255, "color_g": 255, "color_b": 0, "shape": 0, "width": 1024}, {"x": 0.320412354195453, "y": 0.6036849756483863, "size": 0.17004813814945605, "color_name": 8, "color_r": 0, "color_g": 0, "color_b": 255, "shape": 0, "width": 1024}, {"x": 0.5, "y": 0.5, "size": 0.5131075594415628, "color_name": 68, "color_r": 211, "color_g": 211, "color_b": 211, "shape": 0, "width": 1024}]]}