{"principle": "closure", "img_data": [[{"x": 0.4787197471375224, "y": 0.2, "size": 0.1, "color_name": 142, "color_r": 255, "color_g": 255, "color_b": 0, "shape": 0, "width": 1024}, {"x": 0.5282842311672554, "y": 0.28584820459043386, "size": 0.1, "color_name": 142, "color_r": 255, "color_g": 255, "color_b": 0, "shape": 0, "width": 1024}, {"x": 0.5778487151969884, "y": 0.37169640918086766, "size": 0.1, "color_name": 142, "color_r": 255, "color_g": 255, "color_b": 0, "shape": 0, "width": 1024}, {"x": 0.6274131992267216, "y": 0.4575446137713015, "size": 0.1, "color_name": 142, "color_r": 255, "color_g": 255, "color_b": 0, "shape": 0, "width": 1024}, {"x": 0.6769776832564546, "y": 0.5433928183617354, "size": 0.1, "color_name": 142, "color_r": 255, "color_g": 255, "color_b": 0, "shape": 0, "width": 1024}, {"x": 0.7265421672861876, "y": 0.6292410229521692, "size": 0.1, "color_name": 142, "color_r": 255, "color_g": 255, "color_b": 0, "shape": 0, "width": 1024}, {"x": 0.6274131992267216, "y": 0.6292410229521692, "size": 0.1, "color_name": 51, "color_r": 0, "color_g": 128, "color_b": 0, "shape": 0, "width": 1024}, {"x": 0.5282842311672554, "y": 0.6292410229521692, "size": 0.1, "color_name": 51, "color_r": 0, "color_g": 128, "color_b": 0, "shape": 0, "width": 1024}, {"x": 0.42915526310778934, "y": 0.6292410229521692, "size": 0.1, "color_name": 51, "color_r": 0, "color_g": 128, "color_b": 0, "shape": 0, "width": 1024}, {"x": 0.33002629504832326, "y": 0.6292410229521692, "size": 0.1, "color_name": 142, "color_r": 255, "color_g": 255, "color_b": 0, "shape": 0, "width": 1024}, {"x": 0.23089732698885718, "y": 0.6292410229521692, "size": 0.1, "color_name": 51, "color_r": 0, "color_g": 128, "color_b": 0, "shape": 0, "width": 1024}, {"x": 0.28046181101859025, "y": 0.5433928183617354, "size": 0.1, "color_name": 51, "color_r": 0, "color_g": 128, "color_b": 0, "shape": 0, "width": 1024}, {"x": 0.33002629504832326, "y": 0.4575446137713015, "size": 0.1, "color_name": 51, "color_r": 0, "color_g": 128, "color_b": 0, "shape": 0, "width": 1024}, {"x": 0.37959077907805633, "y": 0.3716964091808677, "size": 0.1, "color_name": 51, "color_r": 0, "color_g": 128, "color_b": 0, "shape": 0, "width": 1024}, {"x": 0.4291552631077894, "y": 0.28584820459043386, "size": 0.1, "color_name": 51, "color_r": 0, "color_g": 128, "color_b": 0, "shape": 0, "width": 1024}], [{"x": 0.45623419916799857, "y": 0.2, "size": 0.1, "color_name": 51, "color_r": 0, "color_g": 128, "color_b": 0, "shape": 0, "width": 1024}, {"x": 0.501801358940745, "y": 0.27892463588300537, "size": 0.1, "color_name": 142, "color_r": 255, "color_g": 255, "color_b": 0, "shape": 0, "width": 1024}, {"x": 0.5473685187134913, "y": 0.3578492717660108, "size": 0.1, "color_name": 142, "color_r": 255, "color_g": 255, "color_b": 0, "shape": 0, "width": 1024}, {"x": 0.5929356784862376, "y": 0.43677390764901614, "size": 0.1, "color_name": 51, "color_r": 0, "color_g": 128, "color_b": 0, "shape": 0, "width": 1024}, {"x": 0.638502838258984, "y": 0.5156985435320215, "size": 0.1, "color_name": 51, "color_r": 0, "color_g": 128, "color_b": 0, "shape": 0, "width": 1024}, {"x": 0.6840699980317304, "y": 0.5946231794150268, "size": 0.1, "color_name": 142, "color_r": 255, "color_g": 255, "color_b": 0, "shape": 0, "width": 1024}, {"x": 0.5929356784862376, "y": 0.5946231794150268, "size": 0.1, "color_name": 142, "color_r": 255, "color_g": 255, "color_b": 0, "shape": 0, "width": 1024}, {"x": 0.501801358940745, "y": 0.5946231794150268, "size": 0.1, "color_name": 142, "color_r": 255, "color_g": 255, "color_b": 0, "shape": 0, "width": 1024}, {"x": 0.41066703939525223, "y": 0.5946231794150268, "size": 0.1, "color_name": 51, "color_r": 0, "color_g": 128, "color_b": 0, "shape": 0, "width": 1024}, {"x": 0.3195327198497595, "y": 0.5946231794150268, "size": 0.1, "color_name": 51, "color_r": 0, "color_g": 128, "color_b": 0, "shape": 0, "width": 1024}, {"x": 0.22839840030426678, "y": 0.5946231794150268, "size": 0.1, "color_name": 51, "color_r": 0, "color_g": 128, "color_b": 0, "shape": 0, "width": 1024}, {"x": 0.2739655600770131, "y": 0.5156985435320215, "size": 0.1, "color_name": 142, "color_r": 255, "color_g": 255, "color_b": 0, "shape": 0, "width": 1024}, {"x": 0.3195327198497595, "y": 0.43677390764901614, "size": 0.1, "color_name": 142, "color_r": 255, "color_g": 255, "color_b": 0, "shape": 0, "width": 1024}, {"x": 0.36509987962250584, "y": 0.3578492717660107, "size": 0.1, "color_name": 51, "color_r": 0, "color_g": 128, "color_b": 0, "shape": 0, "width": 1024}, {"x": 0.4106670393952522, "y": 0.27892463588300537, "size": 0.1, "color_name": 142, "color_r": 255, "color_g": 255, "color_b": 0, "shape": 0, "width": 1024}], [{"x": 0.51314119521231, "y": 0.15731004108307733, "size": 0.1, "color_name": 51, "color_r": 0, "color_g": 128, "color_b": 0, "shape": 0, "width": 1024}, {"x": 0.5628265976613862, "y": 0.24336768251938432, "size": 0.1, "color_name": 51, "color_r": 0, "color_g": 128, "color_b": 0, "shape": 0, "width": 1024}, {"x": 0.6125120001104624, "y": 0.3294253239556913, "size": 0.1, "color_name": 51, "color_r": 0, "color_g": 128, "color_b": 0, "shape": 0, "width": 1024}, {"x": 0.6621974025595385, "y": 0.41548296539199825, "size": 0.1, "color_name": 142, "color_r": 255, "color_g": 255, "color_b": 0, "shape": 0, "width": 1024}, {"x": 0.7118828050086146, "y": 0.5015406068283053, "size": 0.1, "color_name": 51, "color_r": 0, "color_g": 128, "color_b": 0, "shape": 0, "width": 1024}, {"x": 0.7615682074576907, "y": 0.5875982482646123, "size": 0.1, "color_name": 142, "color_r": 255, "color_g": 255, "color_b": 0, "shape": 0, "width": 1024}, {"x": 0.6621974025595384, "y": 0.5875982482646123, "size": 0.1, "color_name": 142, "color_r": 255, "color_g": 255, "color_b": 0, "shape": 0, "width": 1024}, {"x": 0.5628265976613862, "y": 0.5875982482646123, "size": 0.1, "color_name": 51, "color_r": 0, "color_g": 128, "color_b": 0, "shape": 0, "width": 1024}, {"x": 0.4634557927632339, "y": 0.5875982482646123, "size": 0.1, "color_name": 51, "color_r": 0, "color_g": 128, "color_b": 0, "shape": 0, "width": 1024}, {"x": 0.36408498786508164, "y": 0.5875982482646123, "size": 0.1, "color_name": 51, "color_r": 0, "color_g": 128, "color_b": 0, "shape": 0, "width": 1024}, {"x": 0.2647141829669294, "y": 0.5875982482646123, "size": 0.1, "color_name": 51, "color_r": 0, "color_g": 128, "color_b": 0, "shape": 0, "width": 1024}, {"x": 0.31439958541600554, "y": 0.5015406068283053, "size": 0.1, "color_name": 51, "color_r": 0, "color_g": 128, "color_b": 0, "shape": 0, "width": 1024}, {"x": 0.36408498786508164, "y": 0.4154829653919983, "size": 0.1, "color_name": 142, "color_r": 255, "color_g": 255, "color_b": 0, "shape": 0, "width": 1024}, {"x": 0.4137703903141578, "y": 0.32942532395569135, "size": 0.1, "color_name": 51, "color_r": 0, "color_g": 128, "color_b": 0, "shape": 0, "width": 1024}, {"x": 0.4634557927632339, "y": 0.24336768251938434, "size": 0.1, "color_name": 51, "color_r": 0, "color_g": 128, "color_b": 0, "shape": 0, "width": 1024}], [{"x": 0.589918737925471, "y": 0.2743962493869206, "size": 0.1, "color_name": 142, "color_r": 255, "color_g": 255, "color_b": 0, "shape": 0, "width": 1024}, {"x": 0.6354373579610018, "y": 0.3532368119788825, "size": 0.1, "color_name": 142, "color_r": 255, "color_g": 255, "color_b": 0, "shape": 0, "width": 1024}, {"x": 0.6809559779965325, "y": 0.4320773745708444, "size": 0.1, "color_name": 142, "color_r": 255, "color_g": 255, "color_b": 0, "shape": 0, "width": 1024}, {"x": 0.7264745980320633, "y": 0.5109179371628063, "size": 0.1, "color_name": 51, "color_r": 0, "color_g": 128, "color_b": 0, "shape": 0, "width": 1024}, {"x": 0.771993218067594, "y": 0.5897584997547682, "size": 0.1, "color_name": 51, "color_r": 0, "color_g": 128, "color_b": 0, "shape": 0, "width": 1024}, {"x": 0.8175118381031248, "y": 0.6685990623467302, "size": 0.1, "color_name": 51, "color_r": 0, "color_g": 128, "color_b": 0, "shape": 0, "width": 1024}, {"x": 0.7264745980320633, "y": 0.6685990623467302, "size": 0.1, "color_name": 51, "color_r": 0, "color_g": 128, "color_b": 0, "shape": 0, "width": 1024}, {"x": 0.6354373579610018, "y": 0.6685990623467302, "size": 0.1, "color_name": 142, "color_r": 255, "color_g": 255, "color_b": 0, "shape": 0, "width": 1024}, {"x": 0.5444001178899402, "y": 0.6685990623467302, "size": 0.1, "color_name": 51, "color_r": 0, "color_g": 128, "color_b": 0, "shape": 0, "width": 1024}, {"x": 0.45336287781887874, "y": 0.6685990623467302, "size": 0.1, "color_name": 142, "color_r": 255, "color_g": 255, "color_b": 0, "shape": 0, "width": 1024}, {"x": 0.36232563774781723, "y": 0.6685990623467302, "size": 0.1, "color_name": 142, "color_r": 255, "color_g": 255, "color_b": 0, "shape": 0, "width": 1024}, {"x": 0.407844257783348, "y": 0.5897584997547682, "size": 0.1, "color_name": 51, "color_r": 0, "color_g": 128, "color_b": 0, "shape": 0, "width": 1024}, {"x": 0.45336287781887874, "y": 0.5109179371628063, "size": 0.1, "color_name": 51, "color_r": 0, "color_g": 128, "color_b": 0, "shape": 0, "width": 1024}, {"x": 0.4988814978544095, "y": 0.43207737457084444, "size": 0.1, "color_name": 51, "color_r": 0, "color_g": 128, "color_b": 0, "shape": 0, "width": 1024}, {"x": 0.5444001178899402, "y": 0.3532368119788825, "size": 0.1, "color_name": 142, "color_r": 255, "color_g": 255, "color_b": 0, "shape": 0, "width": 1024}], [{"x": 0.4825578737316357, "y": 0.24691211231059257, "size": 0.1, "color_name": 142, "color_r": 255, "color_g": 255, "color_b": 0, "shape": 0, "width": 1024}, {"x": 0.5314983330698182, "y": 0.3316794744300833, "size": 0.1, "color_name": 142, "color_r": 255, "color_g": 255, "color_b": 0, "shape": 0, "width": 1024}, {"x": 0.5804387924080007, "y": 0.416446836549574, "size": 0.1, "color_name": 142, "color_r": 255, "color_g": 255, "color_b": 0, "shape": 0, "width": 1024}, {"x": 0.6293792517461831, "y": 0.5012141986690647, "size": 0.1, "color_name": 51, "color_r": 0, "color_g": 128, "color_b": 0, "shape": 0, "width": 1024}, {"x": 0.6783197110843655, "y": 0.5859815607885555, "size": 0.1, "color_name": 142, "color_r": 255, "color_g": 255, "color_b": 0, "shape": 0, "width": 1024}, {"x": 0.727260170422548, "y": 0.6707489229080461, "size": 0.1, "color_name": 51, "color_r": 0, "color_g": 128, "color_b": 0, "shape": 0, "width": 1024}, {"x": 0.629379251746183, "y": 0.6707489229080461, "size": 0.1, "color_name": 142, "color_r": 255, "color_g": 255, "color_b": 0, "shape": 0, "width": 1024}, {"x": 0.5314983330698182, "y": 0.6707489229080461, "size": 0.1, "color_name": 142, "color_r": 255, "color_g": 255, "color_b": 0, "shape": 0, "width": 1024}, {"x": 0.43361741439345325, "y": 0.6707489229080461, "size": 0.1, "color_name": 142, "color_r": 255, "color_g": 255, "color_b": 0, "shape": 0, "width": 1024}, {"x": 0.33573649571708836, "y": 0.6707489229080461, "size": 0.1, "color_name": 142, "color_r": 255, "color_g": 255, "color_b": 0, "shape": 0, "width": 1024}, {"x": 0.23785557704072346, "y": 0.6707489229080461, "size": 0.1, "color_name": 142, "color_r": 255, "color_g": 255, "color_b": 0, "shape": 0, "width": 1024}, {"x": 0.28679603637890594, "y": 0.5859815607885555, "size": 0.1, "color_name": 51, "color_r": 0, "color_g": 128, "color_b": 0, "shape": 0, "width": 1024}, {"x": 0.33573649571708836, "y": 0.5012141986690647, "size": 0.1, "color_name": 142, "color_r": 255, "color_g": 255, "color_b": 0, "shape": 0, "width": 1024}, {"x": 0.38467695505527083, "y": 0.416446836549574, "size": 0.1, "color_name": 142, "color_r": 255, "color_g": 255, "color_b": 0, "shape": 0, "width": 1024}, {"x": 0.43361741439345325, "y": 0.3316794744300833, "size": 0.1, "color_name": 51, "color_r": 0, "color_g": 128, "color_b": 0, "shape": 0, "width": 1024}], [{"x": 0.48242134438479806, "y": 0.2460196053795516, "size": 0.1, "color_name": 51, "color_r": 0, "color_g": 128, "color_b": 0, "shape": 0, "width": 1024}, {"x": 0.5313381561464358, "y": 0.330746008694991, "size": 0.1, "color_name": 51, "color_r": 0, "color_g": 128, "color_b": 0, "shape": 0, "width": 1024}, {"x": 0.5802549679080735, "y": 0.4154724120104304, "size": 0.1, "color_name": 51, "color_r": 0, "color_g": 128, "color_b": 0, "shape": 0, "width": 1024}, {"x": 0.6291717796697113, "y": 0.5001988153258698, "size": 0.1, "color_name": 51, "color_r": 0, "color_g": 128, "color_b": 0, "shape": 0, "width": 1024}, {"x": 0.678088591431349, "y": 0.5849252186413092, "size": 0.1, "color_name": 51, "color_r": 0, "color_g": 128, "color_b": 0, "shape": 0, "width": 1024}, {"x": 0.7270054031929868, "y": 0.6696516219567487, "size": 0.1, "color_name": 51, "color_r": 0, "color_g": 128, "color_b": 0, "shape": 0, "width": 1024}, {"x": 0.6291717796697113, "y": 0.6696516219567487, "size": 0.1, "color_name": 142, "color_r": 255, "color_g": 255, "color_b": 0, "shape": 0, "width": 1024}, {"x": 0.5313381561464359, "y": 0.6696516219567487, "size": 0.1, "color_name": 51, "color_r": 0, "color_g": 128, "color_b": 0, "shape": 0, "width": 1024}, {"x": 0.43350453262316035, "y": 0.6696516219567487, "size": 0.1, "color_name": 51, "color_r": 0, "color_g": 128, "color_b": 0, "shape": 0, "width": 1024}, {"x": 0.33567090909988484, "y": 0.6696516219567487, "size": 0.1, "color_name": 51, "color_r": 0, "color_g": 128, "color_b": 0, "shape": 0, "width": 1024}, {"x": 0.23783728557660933, "y": 0.6696516219567487, "size": 0.1, "color_name": 142, "color_r": 255, "color_g": 255, "color_b": 0, "shape": 0, "width": 1024}, {"x": 0.286754097338247, "y": 0.5849252186413092, "size": 0.1, "color_name": 142, "color_r": 255, "color_g": 255, "color_b": 0, "shape": 0, "width": 1024}, {"x": 0.3356709090998848, "y": 0.5001988153258698, "size": 0.1, "color_name": 142, "color_r": 255, "color_g": 255, "color_b": 0, "shape": 0, "width": 1024}, {"x": 0.38458772086152254, "y": 0.4154724120104304, "size": 0.1, "color_name": 51, "color_r": 0, "color_g": 128, "color_b": 0, "shape": 0, "width": 1024}, {"x": 0.4335045326231603, "y": 0.330746008694991, "size": 0.1, "color_name": 142, "color_r": 255, "color_g": 255, "color_b": 0, "shape": 0, "width": 1024}], [{"x": 0.41754662113213553, "y": 0.3053683168990032, "size": 0.1, "color_name": 142, "color_r": 255, "color_g": 255, "color_b": 0, "shape": 0, "width": 1024}, {"x": 0.4603829814403473, "y": 0.3795630693641527, "size": 0.1, "color_name": 51, "color_r": 0, "color_g": 128, "color_b": 0, "shape": 0, "width": 1024}, {"x": 0.503219341748559, "y": 0.45375782182930224, "size": 0.1, "color_name": 51, "color_r": 0, "color_g": 128, "color_b": 0, "shape": 0, "width": 1024}, {"x": 0.5460557020567707, "y": 0.5279525742944517, "size": 0.1, "color_name": 142, "color_r": 255, "color_g": 255, "color_b": 0, "shape": 0, "width": 1024}, {"x": 0.5888920623649825, "y": 0.6021473267596013, "size": 0.1, "color_name": 142, "color_r": 255, "color_g": 255, "color_b": 0, "shape": 0, "width": 1024}, {"x": 0.6317284226731942, "y": 0.6763420792247508, "size": 0.1, "color_name": 142, "color_r": 255, "color_g": 255, "color_b": 0, "shape": 0, "width": 1024}, {"x": 0.5460557020567707, "y": 0.6763420792247508, "size": 0.1, "color_name": 142, "color_r": 255, "color_g": 255, "color_b": 0, "shape": 0, "width": 1024}, {"x": 0.4603829814403473, "y": 0.6763420792247508, "size": 0.1, "color_name": 51, "color_r": 0, "color_g": 128, "color_b": 0, "shape": 0, "width": 1024}, {"x": 0.3747102608239238, "y": 0.6763420792247508, "size": 0.1, "color_name": 142, "color_r": 255, "color_g": 255, "color_b": 0, "shape": 0, "width": 1024}, {"x": 0.28903754020750033, "y": 0.6763420792247508, "size": 0.1, "color_name": 51, "color_r": 0, "color_g": 128, "color_b": 0, "shape": 0, "width": 1024}, {"x": 0.20336481959107688, "y": 0.6763420792247508, "size": 0.1, "color_name": 142, "color_r": 255, "color_g": 255, "color_b": 0, "shape": 0, "width": 1024}, {"x": 0.2462011798992886, "y": 0.6021473267596013, "size": 0.1, "color_name": 51, "color_r": 0, "color_g": 128, "color_b": 0, "shape": 0, "width": 1024}, {"x": 0.28903754020750033, "y": 0.5279525742944517, "size": 0.1, "color_name": 51, "color_r": 0, "color_g": 128, "color_b": 0, "shape": 0, "width": 1024}, {"x": 0.3318739005157121, "y": 0.4537578218293022, "size": 0.1, "color_name": 51, "color_r": 0, "color_g": 128, "color_b": 0, "shape": 0, "width": 1024}, {"x": 0.3747102608239238, "y": 0.3795630693641527, "size": 0.1, "color_name": 142, "color_r": 255, "color_g": 255, "color_b": 0, "shape": 0, "width": 1024}], [{"x": 0.5985743322636721, "y": 0.330056171615804, "size": 0.1, "color_name": 51, "color_r": 0, "color_g": 128, "color_b": 0, "shape": 0, "width": 1024}, {"x": 0.6392726616369149, "y": 0.4005477458734334, "size": 0.1, "color_name": 51, "color_r": 0, "color_g": 128, "color_b": 0, "shape": 0, "width": 1024}, {"x": 0.6799709910101577, "y": 0.47103932013106276, "size": 0.1, "color_name": 51, "color_r": 0, "color_g": 128, "color_b": 0, "shape": 0, "width": 1024}, {"x": 0.7206693203834005, "y": 0.5415308943886922, "size": 0.1, "color_name": 142, "color_r": 255, "color_g": 255, "color_b": 0, "shape": 0, "width": 1024}, {"x": 0.7613676497566434, "y": 0.6120224686463216, "size": 0.1, "color_name": 142, "color_r": 255, "color_g": 255, "color_b": 0, "shape": 0, "width": 1024}, {"x": 0.8020659791298862, "y": 0.682514042903951, "size": 0.1, "color_name": 142, "color_r": 255, "color_g": 255, "color_b": 0, "shape": 0, "width": 1024}, {"x": 0.7206693203834006, "y": 0.682514042903951, "size": 0.1, "color_name": 142, "color_r": 255, "color_g": 255, "color_b": 0, "shape": 0, "width": 1024}, {"x": 0.6392726616369149, "y": 0.682514042903951, "size": 0.1, "color_name": 142, "color_r": 255, "color_g": 255, "color_b": 0, "shape": 0, "width": 1024}, {"x": 0.5578760028904293, "y": 0.682514042903951, "size": 0.1, "color_name": 142, "color_r": 255, "color_g": 255, "color_b": 0, "shape": 0, "width": 1024}, {"x": 0.4764793441439436, "y": 0.682514042903951, "size": 0.1, "color_name": 51, "color_r": 0, "color_g": 128, "color_b": 0, "shape": 0, "width": 1024}, {"x": 0.39508268539745794, "y": 0.682514042903951, "size": 0.1, "color_name": 51, "color_r": 0, "color_g": 128, "color_b": 0, "shape": 0, "width": 1024}, {"x": 0.43578101477070075, "y": 0.6120224686463216, "size": 0.1, "color_name": 142, "color_r": 255, "color_g": 255, "color_b": 0, "shape": 0, "width": 1024}, {"x": 0.4764793441439436, "y": 0.5415308943886922, "size": 0.1, "color_name": 142, "color_r": 255, "color_g": 255, "color_b": 0, "shape": 0, "width": 1024}, {"x": 0.5171776735171865, "y": 0.4710393201310628, "size": 0.1, "color_name": 51, "color_r": 0, "color_g": 128, "color_b": 0, "shape": 0, "width": 1024}, {"x": 0.5578760028904293, "y": 0.4005477458734334, "size": 0.1, "color_name": 142, "color_r": 255, "color_g": 255, "color_b": 0, "shape": 0, "width": 1024}], [{"x": 0.5239554326237945, "y": 0.31011184260011354, "size": 0.1, "color_name": 51, "color_r": 0, "color_g": 128, "color_b": 0, "shape": 0, "width": 1024}, {"x": 0.5717677542086903, "y": 0.39292521281297516, "size": 0.1, "color_name": 142, "color_r": 255, "color_g": 255, "color_b": 0, "shape": 0, "width": 1024}, {"x": 0.6195800757935861, "y": 0.4757385830258368, "size": 0.1, "color_name": 51, "color_r": 0, "color_g": 128, "color_b": 0, "shape": 0, "width": 1024}, {"x": 0.6673923973784819, "y": 0.5585519532386984, "size": 0.1, "color_name": 142, "color_r": 255, "color_g": 255, "color_b": 0, "shape": 0, "width": 1024}, {"x": 0.7152047189633778, "y": 0.64136532345156, "size": 0.1, "color_name": 142, "color_r": 255, "color_g": 255, "color_b": 0, "shape": 0, "width": 1024}, {"x": 0.7630170405482736, "y": 0.7241786936644217, "size": 0.1, "color_name": 142, "color_r": 255, "color_g": 255, "color_b": 0, "shape": 0, "width": 1024}, {"x": 0.667392397378482, "y": 0.7241786936644217, "size": 0.1, "color_name": 142, "color_r": 255, "color_g": 255, "color_b": 0, "shape": 0, "width": 1024}, {"x": 0.5717677542086903, "y": 0.7241786936644217, "size": 0.1, "color_name": 51, "color_r": 0, "color_g": 128, "color_b": 0, "shape": 0, "width": 1024}, {"x": 0.4761431110388987, "y": 0.7241786936644217, "size": 0.1, "color_name": 142, "color_r": 255, "color_g": 255, "color_b": 0, "shape": 0, "width": 1024}, {"x": 0.3805184678691071, "y": 0.7241786936644217, "size": 0.1, "color_name": 51, "color_r": 0, "color_g": 128, "color_b": 0, "shape": 0, "width": 1024}, {"x": 0.28489382469931546, "y": 0.7241786936644217, "size": 0.1, "color_name": 51, "color_r": 0, "color_g": 128, "color_b": 0, "shape": 0, "width": 1024}, {"x": 0.33270614628421125, "y": 0.64136532345156, "size": 0.1, "color_name": 51, "color_r": 0, "color_g": 128, "color_b": 0, "shape": 0, "width": 1024}, {"x": 0.3805184678691071, "y": 0.5585519532386984, "size": 0.1, "color_name": 142, "color_r": 255, "color_g": 255, "color_b": 0, "shape": 0, "width": 1024}, {"x": 0.4283307894540029, "y": 0.47573858302583677, "size": 0.1, "color_name": 142, "color_r": 255, "color_g": 255, "color_b": 0, "shape": 0, "width": 1024}, {"x": 0.4761431110388987, "y": 0.39292521281297516, "size": 0.1, "color_name": 51, "color_r": 0, "color_g": 128, "color_b": 0, "shape": 0, "width": 1024}], [{"x": 0.4360215161207264, "y": 0.2, "size": 0.1, "color_name": 51, "color_r": 0, "color_g": 128, "color_b": 0, "shape": 0, "width": 1024}, {"x": 0.47980757625017906, "y": 0.27583968080747784, "size": 0.1, "color_name": 142, "color_r": 255, "color_g": 255, "color_b": 0, "shape": 0, "width": 1024}, {"x": 0.5235936363796316, "y": 0.3516793616149557, "size": 0.1, "color_name": 51, "color_r": 0, "color_g": 128, "color_b": 0, "shape": 0, "width": 1024}, {"x": 0.5673796965090843, "y": 0.42751904242243355, "size": 0.1, "color_name": 51, "color_r": 0, "color_g": 128, "color_b": 0, "shape": 0, "width": 1024}, {"x": 0.6111657566385369, "y": 0.5033587232299114, "size": 0.1, "color_name": 142, "color_r": 255, "color_g": 255, "color_b": 0, "shape": 0, "width": 1024}, {"x": 0.6549518167679895, "y": 0.5791984040373892, "size": 0.1, "color_name": 51, "color_r": 0, "color_g": 128, "color_b": 0, "shape": 0, "width": 1024}, {"x": 0.5673796965090843, "y": 0.5791984040373892, "size": 0.1, "color_name": 51, "color_r": 0, "color_g": 128, "color_b": 0, "shape": 0, "width": 1024}, {"x": 0.479807576250179, "y": 0.5791984040373892, "size": 0.1, "color_name": 51, "color_r": 0, "color_g": 128, "color_b": 0, "shape": 0, "width": 1024}, {"x": 0.3922354559912738, "y": 0.5791984040373892, "size": 0.1, "color_name": 51, "color_r": 0, "color_g": 128, "color_b": 0, "shape": 0, "width": 1024}, {"x": 0.30466333573236853, "y": 0.5791984040373892, "size": 0.1, "color_name": 51, "color_r": 0, "color_g": 128, "color_b": 0, "shape": 0, "width": 1024}, {"x": 0.21709121547346327, "y": 0.5791984040373892, "size": 0.1, "color_name": 142, "color_r": 255, "color_g": 255, "color_b": 0, "shape": 0, "width": 1024}, {"x": 0.2608772756029159, "y": 0.5033587232299114, "size": 0.1, "color_name": 142, "color_r": 255, "color_g": 255, "color_b": 0, "shape": 0, "width": 1024}, {"x": 0.30466333573236853, "y": 0.42751904242243355, "size": 0.1, "color_name": 142, "color_r": 255, "color_g": 255, "color_b": 0, "shape": 0, "width": 1024}, {"x": 0.34844939586182117, "y": 0.35167936161495567, "size": 0.1, "color_name": 51, "color_r": 0, "color_g": 128, "color_b": 0, "shape": 0, "width": 1024}, {"x": 0.3922354559912738, "y": 0.27583968080747784, "size": 0.1, "color_name": 142, "color_r": 255, "color_g": 255, "color_b": 0, "shape": 0, "width": 1024}], [{"x": 0.40834574873174123, "y": 0.2, "size": 0.1, "color_name": 142, "color_r": 255, "color_g": 255, "color_b": 0, "shape": 0, "width": 1024}, {"x": 0.45198059507597177, "y": 0.2755777708486684, "size": 0.1, "color_name": 51, "color_r": 0, "color_g": 128, "color_b": 0, "shape": 0, "width": 1024}, {"x": 0.49561544142020236, "y": 0.35115554169733687, "size": 0.1, "color_name": 51, "color_r": 0, "color_g": 128, "color_b": 0, "shape": 0, "width": 1024}, {"x": 0.539250287764433, "y": 0.42673331254600533, "size": 0.1, "color_name": 51, "color_r": 0, "color_g": 128, "color_b": 0, "shape": 0, "width": 1024}, {"x": 0.5828851341086635, "y": 0.5023110833946738, "size": 0.1, "color_name": 142, "color_r": 255, "color_g": 255, "color_b": 0, "shape": 0, "width": 1024}, {"x": 0.626519980452894, "y": 0.5778888542433422, "size": 0.1, "color_name": 51, "color_r": 0, "color_g": 128, "color_b": 0, "shape": 0, "width": 1024}, {"x": 0.539250287764433, "y": 0.5778888542433421, "size": 0.1, "color_name": 51, "color_r": 0, "color_g": 128, "color_b": 0, "shape": 0, "width": 1024}, {"x": 0.45198059507597177, "y": 0.5778888542433421, "size": 0.1, "color_name": 51, "color_r": 0, "color_g": 128, "color_b": 0, "shape": 0, "width": 1024}, {"x": 0.36471090238751064, "y": 0.5778888542433421, "size": 0.1, "color_name": 142, "color_r": 255, "color_g": 255, "color_b": 0, "shape": 0, "width": 1024}, {"x": 0.2774412096990495, "y": 0.5778888542433421, "size": 0.1, "color_name": 142, "color_r": 255, "color_g": 255, "color_b": 0, "shape": 0, "width": 1024}, {"x": 0.19017151701058838, "y": 0.5778888542433421, "size": 0.1, "color_name": 142, "color_r": 255, "color_g": 255, "color_b": 0, "shape": 0, "width": 1024}, {"x": 0.23380636335481894, "y": 0.5023110833946737, "size": 0.1, "color_name": 51, "color_r": 0, "color_g": 128, "color_b": 0, "shape": 0, "width": 1024}, {"x": 0.2774412096990495, "y": 0.4267333125460053, "size": 0.1, "color_name": 51, "color_r": 0, "color_g": 128, "color_b": 0, "shape": 0, "width": 1024}, {"x": 0.3210760560432801, "y": 0.35115554169733687, "size": 0.1, "color_name": 51, "color_r": 0, "color_g": 128, "color_b": 0, "shape": 0, "width": 1024}, {"x": 0.3647109023875107, "y": 0.2755777708486684, "size": 0.1, "color_name": 142, "color_r": 255, "color_g": 255, "color_b": 0, "shape": 0, "width": 1024}], [{"x": 0.5836208364998899, "y": 0.22864187382411388, "size": 0.1, "color_name": 142, "color_r": 255, "color_g": 255, "color_b": 0, "shape": 0, "width": 1024}, {"x": 0.6331019016925892, "y": 0.3143455927504968, "size": 0.1, "color_name": 142, "color_r": 255, "color_g": 255, "color_b": 0, "shape": 0, "width": 1024}, {"x": 0.6825829668852883, "y": 0.4000493116768797, "size": 0.1, "color_name": 51, "color_r": 0, "color_g": 128, "color_b": 0, "shape": 0, "width": 1024}, {"x": 0.7320640320779875, "y": 0.4857530306032626, "size": 0.1, "color_name": 51, "color_r": 0, "color_g": 128, "color_b": 0, "shape": 0, "width": 1024}, {"x": 0.7815450972706868, "y": 0.5714567495296454, "size": 0.1, "color_name": 142, "color_r": 255, "color_g": 255, "color_b": 0, "shape": 0, "width": 1024}, {"x": 0.8310261624633859, "y": 0.6571604684560284, "size": 0.1, "color_name": 142, "color_r": 255, "color_g": 255, "color_b": 0, "shape": 0, "width": 1024}, {"x": 0.7320640320779875, "y": 0.6571604684560284, "size": 0.1, "color_name": 142, "color_r": 255, "color_g": 255, "color_b": 0, "shape": 0, "width": 1024}, {"x": 0.6331019016925892, "y": 0.6571604684560284, "size": 0.1, "color_name": 142, "color_r": 255, "color_g": 255, "color_b": 0, "shape": 0, "width": 1024}, {"x": 0.5341397713071907, "y": 0.6571604684560284, "size": 0.1, "color_name": 51, "color_r": 0, "color_g": 128, "color_b": 0, "shape": 0, "width": 1024}, {"x": 0.43517764092179234, "y": 0.6571604684560284, "size": 0.1, "color_name": 142, "color_r": 255, "color_g": 255, "color_b": 0, "shape": 0, "width": 1024}, {"x": 0.336215510536394, "y": 0.6571604684560284, "size": 0.1, "color_name": 51, "color_r": 0, "color_g": 128, "color_b": 0, "shape": 0, "width": 1024}, {"x": 0.3856965757290931, "y": 0.5714567495296454, "size": 0.1, "color_name": 142, "color_r": 255, "color_g": 255, "color_b": 0, "shape": 0, "width": 1024}, {"x": 0.43517764092179234, "y": 0.4857530306032626, "size": 0.1, "color_name": 51, "color_r": 0, "color_g": 128, "color_b": 0, "shape": 0, "width": 1024}, {"x": 0.4846587061144915, "y": 0.4000493116768797, "size": 0.1, "color_name": 142, "color_r": 255, "color_g": 255, "color_b": 0, "shape": 0, "width": 1024}, {"x": 0.5341397713071907, "y": 0.3143455927504968, "size": 0.1, "color_name": 51, "color_r": 0, "color_g": 128, "color_b": 0, "shape": 0, "width": 1024}], [{"x": 0.5777673432057422, "y": 0.2, "size": 0.1, "color_name": 51, "color_r": 0, "color_g": 128, "color_b": 0, "shape": 0, "width": 1024}, {"x": 0.6163347718401919, "y": 0.26680074591215375, "size": 0.1, "color_name": 142, "color_r": 255, "color_g": 255, "color_b": 0, "shape": 0, "width": 1024}, {"x": 0.6549022004746418, "y": 0.33360149182430754, "size": 0.1, "color_name": 142, "color_r": 255, "color_g": 255, "color_b": 0, "shape": 0, "width": 1024}, {"x": 0.6934696291090915, "y": 0.40040223773646133, "size": 0.1, "color_name": 51, "color_r": 0, "color_g": 128, "color_b": 0, "shape": 0, "width": 1024}, {"x": 0.7320370577435413, "y": 0.46720298364861507, "size": 0.1, "color_name": 142, "color_r": 255, "color_g": 255, "color_b": 0, "shape": 0, "width": 1024}, {"x": 0.7706044863779911, "y": 0.5340037295607689, "size": 0.1, "color_name": 51, "color_r": 0, "color_g": 128, "color_b": 0, "shape": 0, "width": 1024}, {"x": 0.6934696291090915, "y": 0.5340037295607688, "size": 0.1, "color_name": 51, "color_r": 0, "color_g": 128, "color_b": 0, "shape": 0, "width": 1024}, {"x": 0.6163347718401919, "y": 0.5340037295607688, "size": 0.1, "color_name": 142, "color_r": 255, "color_g": 255, "color_b": 0, "shape": 0, "width": 1024}, {"x": 0.5391999145712925, "y": 0.5340037295607688, "size": 0.1, "color_name": 142, "color_r": 255, "color_g": 255, "color_b": 0, "shape": 0, "width": 1024}, {"x": 0.4620650573023929, "y": 0.5340037295607688, "size": 0.1, "color_name": 51, "color_r": 0, "color_g": 128, "color_b": 0, "shape": 0, "width": 1024}, {"x": 0.3849302000334933, "y": 0.5340037295607688, "size": 0.1, "color_name": 142, "color_r": 255, "color_g": 255, "color_b": 0, "shape": 0, "width": 1024}, {"x": 0.4234976286679431, "y": 0.467202983648615, "size": 0.1, "color_name": 142, "color_r": 255, "color_g": 255, "color_b": 0, "shape": 0, "width": 1024}, {"x": 0.4620650573023929, "y": 0.4004022377364613, "size": 0.1, "color_name": 51, "color_r": 0, "color_g": 128, "color_b": 0, "shape": 0, "width": 1024}, {"x": 0.5006324859368426, "y": 0.33360149182430754, "size": 0.1, "color_name": 51, "color_r": 0, "color_g": 128, "color_b": 0, "shape": 0, "width": 1024}, {"x": 0.5391999145712925, "y": 0.26680074591215375, "size": 0.1, "color_name": 51, "color_r": 0, "color_g": 128, "color_b": 0, "shape": 0, "width": 1024}], [{"x": 0.45192407946949414, "y": 0.28806849976987065, "size": 0.1, "color_name": 51, "color_r": 0, "color_g": 128, "color_b": 0, "shape": 0, "width": 1024}, {"x": 0.4962586478891713, "y": 0.36485822480439, "size": 0.1, "color_name": 142, "color_r": 255, "color_g": 255, "color_b": 0, "shape": 0, "width": 1024}, {"x": 0.5405932163088484, "y": 0.4416479498389094, "size": 0.1, "color_name": 51, "color_r": 0, "color_g": 128, "color_b": 0, "shape": 0, "width": 1024}, {"x": 0.5849277847285255, "y": 0.5184376748734288, "size": 0.1, "color_name": 51, "color_r": 0, "color_g": 128, "color_b": 0, "shape": 0, "width": 1024}, {"x": 0.6292623531482027, "y": 0.5952273999079483, "size": 0.1, "color_name": 51, "color_r": 0, "color_g": 128, "color_b": 0, "shape": 0, "width": 1024}, {"x": 0.6735969215678798, "y": 0.6720171249424676, "size": 0.1, "color_name": 51, "color_r": 0, "color_g": 128, "color_b": 0, "shape": 0, "width": 1024}, {"x": 0.5849277847285255, "y": 0.6720171249424676, "size": 0.1, "color_name": 51, "color_r": 0, "color_g": 128, "color_b": 0, "shape": 0, "width": 1024}, {"x": 0.4962586478891713, "y": 0.6720171249424676, "size": 0.1, "color_name": 51, "color_r": 0, "color_g": 128, "color_b": 0, "shape": 0, "width": 1024}, {"x": 0.407589511049817, "y": 0.6720171249424676, "size": 0.1, "color_name": 142, "color_r": 255, "color_g": 255, "color_b": 0, "shape": 0, "width": 1024}, {"x": 0.31892037421046276, "y": 0.6720171249424676, "size": 0.1, "color_name": 51, "color_r": 0, "color_g": 128, "color_b": 0, "shape": 0, "width": 1024}, {"x": 0.23025123737110853, "y": 0.6720171249424676, "size": 0.1, "color_name": 51, "color_r": 0, "color_g": 128, "color_b": 0, "shape": 0, "width": 1024}, {"x": 0.2745858057907857, "y": 0.5952273999079482, "size": 0.1, "color_name": 142, "color_r": 255, "color_g": 255, "color_b": 0, "shape": 0, "width": 1024}, {"x": 0.31892037421046276, "y": 0.5184376748734287, "size": 0.1, "color_name": 142, "color_r": 255, "color_g": 255, "color_b": 0, "shape": 0, "width": 1024}, {"x": 0.3632549426301399, "y": 0.4416479498389094, "size": 0.1, "color_name": 51, "color_r": 0, "color_g": 128, "color_b": 0, "shape": 0, "width": 1024}, {"x": 0.407589511049817, "y": 0.36485822480439, "size": 0.1, "color_name": 51, "color_r": 0, "color_g": 128, "color_b": 0, "shape": 0, "width": 1024}], [{"x": 0.5821586407575512, "y": 0.295000489808327, "size": 0.1, "color_name": 51, "color_r": 0, "color_g": 128, "color_b": 0, "shape": 0, "width": 1024}, {"x": 0.62589288123002, "y": 0.37075041633707795, "size": 0.1, "color_name": 51, "color_r": 0, "color_g": 128, "color_b": 0, "shape": 0, "width": 1024}, {"x": 0.6696271217024887, "y": 0.44650034286582885, "size": 0.1, "color_name": 51, "color_r": 0, "color_g": 128, "color_b": 0, "shape": 0, "width": 1024}, {"x": 0.7133613621749575, "y": 0.5222502693945797, "size": 0.1, "color_name": 142, "color_r": 255, "color_g": 255, "color_b": 0, "shape": 0, "width": 1024}, {"x": 0.7570956026474261, "y": 0.5980001959233308, "size": 0.1, "color_name": 142, "color_r": 255, "color_g": 255, "color_b": 0, "shape": 0, "width": 1024}, {"x": 0.8008298431198949, "y": 0.6737501224520817, "size": 0.1, "color_name": 51, "color_r": 0, "color_g": 128, "color_b": 0, "shape": 0, "width": 1024}, {"x": 0.7133613621749574, "y": 0.6737501224520817, "size": 0.1, "color_name": 142, "color_r": 255, "color_g": 255, "color_b": 0, "shape": 0, "width": 1024}, {"x": 0.62589288123002, "y": 0.6737501224520817, "size": 0.1, "color_name": 51, "color_r": 0, "color_g": 128, "color_b": 0, "shape": 0, "width": 1024}, {"x": 0.5384244002850824, "y": 0.6737501224520817, "size": 0.1, "color_name": 142, "color_r": 255, "color_g": 255, "color_b": 0, "shape": 0, "width": 1024}, {"x": 0.45095591934014495, "y": 0.6737501224520817, "size": 0.1, "color_name": 51, "color_r": 0, "color_g": 128, "color_b": 0, "shape": 0, "width": 1024}, {"x": 0.3634874383952075, "y": 0.6737501224520817, "size": 0.1, "color_name": 51, "color_r": 0, "color_g": 128, "color_b": 0, "shape": 0, "width": 1024}, {"x": 0.40722167886767624, "y": 0.5980001959233308, "size": 0.1, "color_name": 51, "color_r": 0, "color_g": 128, "color_b": 0, "shape": 0, "width": 1024}, {"x": 0.45095591934014495, "y": 0.5222502693945799, "size": 0.1, "color_name": 51, "color_r": 0, "color_g": 128, "color_b": 0, "shape": 0, "width": 1024}, {"x": 0.4946901598126137, "y": 0.44650034286582885, "size": 0.1, "color_name": 142, "color_r": 255, "color_g": 255, "color_b": 0, "shape": 0, "width": 1024}, {"x": 0.5384244002850824, "y": 0.37075041633707795, "size": 0.1, "color_name": 51, "color_r": 0, "color_g": 128, "color_b": 0, "shape": 0, "width": 1024}], [{"x": 0.5226134092674106, "y": 0.14197256795889662, "size": 0.1, "color_name": 142, "color_r": 255, "color_g": 255, "color_b": 0, "shape": 0, "width": 1024}, {"x": 0.5706581761161266, "y": 0.22518854517867343, "size": 0.1, "color_name": 51, "color_r": 0, "color_g": 128, "color_b": 0, "shape": 0, "width": 1024}, {"x": 0.6187029429648424, "y": 0.3084045223984503, "size": 0.1, "color_name": 51, "color_r": 0, "color_g": 128, "color_b": 0, "shape": 0, "width": 1024}, {"x": 0.6667477098135584, "y": 0.3916204996182271, "size": 0.1, "color_name": 51, "color_r": 0, "color_g": 128, "color_b": 0, "shape": 0, "width": 1024}, {"x": 0.7147924766622742, "y": 0.4748364768380039, "size": 0.1, "color_name": 51, "color_r": 0, "color_g": 128, "color_b": 0, "shape": 0, "width": 1024}, {"x": 0.7628372435109901, "y": 0.5580524540577807, "size": 0.1, "color_name": 51, "color_r": 0, "color_g": 128, "color_b": 0, "shape": 0, "width": 1024}, {"x": 0.6667477098135584, "y": 0.5580524540577807, "size": 0.1, "color_name": 142, "color_r": 255, "color_g": 255, "color_b": 0, "shape": 0, "width": 1024}, {"x": 0.5706581761161265, "y": 0.5580524540577807, "size": 0.1, "color_name": 51, "color_r": 0, "color_g": 128, "color_b": 0, "shape": 0, "width": 1024}, {"x": 0.4745686424186947, "y": 0.5580524540577807, "size": 0.1, "color_name": 51, "color_r": 0, "color_g": 128, "color_b": 0, "shape": 0, "width": 1024}, {"x": 0.3784791087212629, "y": 0.5580524540577807, "size": 0.1, "color_name": 51, "color_r": 0, "color_g": 128, "color_b": 0, "shape": 0, "width": 1024}, {"x": 0.2823895750238311, "y": 0.5580524540577807, "size": 0.1, "color_name": 51, "color_r": 0, "color_g": 128, "color_b": 0, "shape": 0, "width": 1024}, {"x": 0.330434341872547, "y": 0.4748364768380039, "size": 0.1, "color_name": 142, "color_r": 255, "color_g": 255, "color_b": 0, "shape": 0, "width": 1024}, {"x": 0.3784791087212629, "y": 0.3916204996182271, "size": 0.1, "color_name": 51, "color_r": 0, "color_g": 128, "color_b": 0, "shape": 0, "width": 1024}, {"x": 0.42652387556997884, "y": 0.30840452239845023, "size": 0.1, "color_name": 142, "color_r": 255, "color_g": 255, "color_b": 0, "shape": 0, "width": 1024}, {"x": 0.47456864241869473, "y": 0.22518854517867343, "size": 0.1, "color_name": 51, "color_r": 0, "color_g": 128, "color_b": 0, "shape": 0, "width": 1024}], [{"x": 0.5530271521159866, "y": 0.34312994356563126, "size": 0.1, "color_name": 51, "color_r": 0, "color_g": 128, "color_b": 0, "shape": 0, "width": 1024}, {"x": 0.5958041041784957, "y": 0.41722179793083525, "size": 0.1, "color_name": 142, "color_r": 255, "color_g": 255, "color_b": 0, "shape": 0, "width": 1024}, {"x": 0.6385810562410048, "y": 0.4913136522960393, "size": 0.1, "color_name": 142, "color_r": 255, "color_g": 255, "color_b": 0, "shape": 0, "width": 1024}, {"x": 0.6813580083035139, "y": 0.5654055066612433, "size": 0.1, "color_name": 142, "color_r": 255, "color_g": 255, "color_b": 0, "shape": 0, "width": 1024}, {"x": 0.724134960366023, "y": 0.6394973610264474, "size": 0.1, "color_name": 51, "color_r": 0, "color_g": 128, "color_b": 0, "shape": 0, "width": 1024}, {"x": 0.7669119124285321, "y": 0.7135892153916514, "size": 0.1, "color_name": 51, "color_r": 0, "color_g": 128, "color_b": 0, "shape": 0, "width": 1024}, {"x": 0.6813580083035139, "y": 0.7135892153916513, "size": 0.1, "color_name": 142, "color_r": 255, "color_g": 255, "color_b": 0, "shape": 0, "width": 1024}, {"x": 0.5958041041784957, "y": 0.7135892153916513, "size": 0.1, "color_name": 142, "color_r": 255, "color_g": 255, "color_b": 0, "shape": 0, "width": 1024}, {"x": 0.5102502000534775, "y": 0.7135892153916513, "size": 0.1, "color_name": 142, "color_r": 255, "color_g": 255, "color_b": 0, "shape": 0, "width": 1024}, {"x": 0.42469629592845937, "y": 0.7135892153916513, "size": 0.1, "color_name": 142, "color_r": 255, "color_g": 255, "color_b": 0, "shape": 0, "width": 1024}, {"x": 0.3391423918034412, "y": 0.7135892153916513, "size": 0.1, "color_name": 142, "color_r": 255, "color_g": 255, "color_b": 0, "shape": 0, "width": 1024}, {"x": 0.3819193438659503, "y": 0.6394973610264473, "size": 0.1, "color_name": 142, "color_r": 255, "color_g": 255, "color_b": 0, "shape": 0, "width": 1024}, {"x": 0.42469629592845937, "y": 0.5654055066612433, "size": 0.1, "color_name": 51, "color_r": 0, "color_g": 128, "color_b": 0, "shape": 0, "width": 1024}, {"x": 0.46747324799096845, "y": 0.4913136522960393, "size": 0.1, "color_name": 51, "color_r": 0, "color_g": 128, "color_b": 0, "shape": 0, "width": 1024}, {"x": 0.5102502000534775, "y": 0.41722179793083525, "size": 0.1, "color_name": 142, "color_r": 255, "color_g": 255, "color_b": 0, "shape": 0, "width": 1024}], [{"x": 0.5688699338753169, "y": 0.2, "size": 0.1, "color_name": 51, "color_r": 0, "color_g": 128, "color_b": 0, "shape": 0, "width": 1024}, {"x": 0.6123555550143482, "y": 0.27531930521149334, "size": 0.1, "color_name": 142, "color_r": 255, "color_g": 255, "color_b": 0, "shape": 0, "width": 1024}, {"x": 0.6558411761533794, "y": 0.3506386104229867, "size": 0.1, "color_name": 142, "color_r": 255, "color_g": 255, "color_b": 0, "shape": 0, "width": 1024}, {"x": 0.6993267972924108, "y": 0.42595791563448004, "size": 0.1, "color_name": 51, "color_r": 0, "color_g": 128, "color_b": 0, "shape": 0, "width": 1024}, {"x": 0.742812418431442, "y": 0.5012772208459734, "size": 0.1, "color_name": 142, "color_r": 255, "color_g": 255, "color_b": 0, "shape": 0, "width": 1024}, {"x": 0.7862980395704733, "y": 0.5765965260574667, "size": 0.1, "color_name": 51, "color_r": 0, "color_g": 128, "color_b": 0, "shape": 0, "width": 1024}, {"x": 0.6993267972924108, "y": 0.5765965260574667, "size": 0.1, "color_name": 51, "color_r": 0, "color_g": 128, "color_b": 0, "shape": 0, "width": 1024}, {"x": 0.6123555550143482, "y": 0.5765965260574667, "size": 0.1, "color_name": 51, "color_r": 0, "color_g": 128, "color_b": 0, "shape": 0, "width": 1024}, {"x": 0.5253843127362856, "y": 0.5765965260574667, "size": 0.1, "color_name": 142, "color_r": 255, "color_g": 255, "color_b": 0, "shape": 0, "width": 1024}, {"x": 0.4384130704582231, "y": 0.5765965260574667, "size": 0.1, "color_name": 142, "color_r": 255, "color_g": 255, "color_b": 0, "shape": 0, "width": 1024}, {"x": 0.35144182818016056, "y": 0.5765965260574667, "size": 0.1, "color_name": 142, "color_r": 255, "color_g": 255, "color_b": 0, "shape": 0, "width": 1024}, {"x": 0.3949274493191918, "y": 0.5012772208459734, "size": 0.1, "color_name": 51, "color_r": 0, "color_g": 128, "color_b": 0, "shape": 0, "width": 1024}, {"x": 0.4384130704582231, "y": 0.42595791563448004, "size": 0.1, "color_name": 51, "color_r": 0, "color_g": 128, "color_b": 0, "shape": 0, "width": 1024}, {"x": 0.4818986915972544, "y": 0.35063861042298666, "size": 0.1, "color_name": 142, "color_r": 255, "color_g": 255, "color_b": 0, "shape": 0, "width": 1024}, {"x": 0.5253843127362856, "y": 0.27531930521149334, "size": 0.1, "color_name": 51, "color_r": 0, "color_g": 128, "color_b": 0, "shape": 0, "width": 1024}], [{"x": 0.40556172389986056, "y": 0.2363282646756944, "size": 0.1, "color_name": 142, "color_r": 255, "color_g": 255, "color_b": 0, "shape": 0, "width": 1024}, {"x": 0.45437712811847125, "y": 0.32087902497434023, "size": 0.1, "color_name": 51, "color_r": 0, "color_g": 128, "color_b": 0, "shape": 0, "width": 1024}, {"x": 0.5031925323370819, "y": 0.4054297852729861, "size": 0.1, "color_name": 51, "color_r": 0, "color_g": 128, "color_b": 0, "shape": 0, "width": 1024}, {"x": 0.5520079365556927, "y": 0.48998054557163195, "size": 0.1, "color_name": 142, "color_r": 255, "color_g": 255, "color_b": 0, "shape": 0, "width": 1024}, {"x": 0.6008233407743033, "y": 0.5745313058702778, "size": 0.1, "color_name": 142, "color_r": 255, "color_g": 255, "color_b": 0, "shape": 0, "width": 1024}, {"x": 0.6496387449929141, "y": 0.6590820661689236, "size": 0.1, "color_name": 142, "color_r": 255, "color_g": 255, "color_b": 0, "shape": 0, "width": 1024}, {"x": 0.5520079365556927, "y": 0.6590820661689236, "size": 0.1, "color_name": 51, "color_r": 0, "color_g": 128, "color_b": 0, "shape": 0, "width": 1024}, {"x": 0.45437712811847125, "y": 0.6590820661689236, "size": 0.1, "color_name": 51, "color_r": 0, "color_g": 128, "color_b": 0, "shape": 0, "width": 1024}, {"x": 0.3567463196812498, "y": 0.6590820661689236, "size": 0.1, "color_name": 51, "color_r": 0, "color_g": 128, "color_b": 0, "shape": 0, "width": 1024}, {"x": 0.25911551124402843, "y": 0.6590820661689236, "size": 0.1, "color_name": 51, "color_r": 0, "color_g": 128, "color_b": 0, "shape": 0, "width": 1024}, {"x": 0.16148470280680705, "y": 0.6590820661689236, "size": 0.1, "color_name": 51, "color_r": 0, "color_g": 128, "color_b": 0, "shape": 0, "width": 1024}, {"x": 0.21030010702541774, "y": 0.5745313058702778, "size": 0.1, "color_name": 51, "color_r": 0, "color_g": 128, "color_b": 0, "shape": 0, "width": 1024}, {"x": 0.25911551124402843, "y": 0.48998054557163195, "size": 0.1, "color_name": 51, "color_r": 0, "color_g": 128, "color_b": 0, "shape": 0, "width": 1024}, {"x": 0.3079309154626392, "y": 0.40542978527298607, "size": 0.1, "color_name": 51, "color_r": 0, "color_g": 128, "color_b": 0, "shape": 0, "width": 1024}, {"x": 0.35674631968124987, "y": 0.32087902497434023, "size": 0.1, "color_name": 51, "color_r": 0, "color_g": 128, "color_b": 0, "shape": 0, "width": 1024}], [{"x": 0.4528048446292004, "y": 0.17347763824850843, "size": 0.1, "color_name": 51, "color_r": 0, "color_g": 128, "color_b": 0, "shape": 0, "width": 1024}, {"x": 0.4965919281589335, "y": 0.24931909163726854, "size": 0.1, "color_name": 142, "color_r": 255, "color_g": 255, "color_b": 0, "shape": 0, "width": 1024}, {"x": 0.5403790116886666, "y": 0.32516054502602865, "size": 0.1, "color_name": 51, "color_r": 0, "color_g": 128, "color_b": 0, "shape": 0, "width": 1024}, {"x": 0.5841660952183998, "y": 0.4010019984147888, "size": 0.1, "color_name": 51, "color_r": 0, "color_g": 128, "color_b": 0, "shape": 0, "width": 1024}, {"x": 0.6279531787481328, "y": 0.47684345180354887, "size": 0.1, "color_name": 51, "color_r": 0, "color_g": 128, "color_b": 0, "shape": 0, "width": 1024}, {"x": 0.671740262277866, "y": 0.5526849051923091, "size": 0.1, "color_name": 142, "color_r": 255, "color_g": 255, "color_b": 0, "shape": 0, "width": 1024}, {"x": 0.5841660952183998, "y": 0.552684905192309, "size": 0.1, "color_name": 142, "color_r": 255, "color_g": 255, "color_b": 0, "shape": 0, "width": 1024}, {"x": 0.4965919281589335, "y": 0.552684905192309, "size": 0.1, "color_name": 51, "color_r": 0, "color_g": 128, "color_b": 0, "shape": 0, "width": 1024}, {"x": 0.4090177610994673, "y": 0.552684905192309, "size": 0.1, "color_name": 51, "color_r": 0, "color_g": 128, "color_b": 0, "shape": 0, "width": 1024}, {"x": 0.32144359404000106, "y": 0.552684905192309, "size": 0.1, "color_name": 51, "color_r": 0, "color_g": 128, "color_b": 0, "shape": 0, "width": 1024}, {"x": 0.2338694269805348, "y": 0.552684905192309, "size": 0.1, "color_name": 142, "color_r": 255, "color_g": 255, "color_b": 0, "shape": 0, "width": 1024}, {"x": 0.27765651051026796, "y": 0.4768434518035488, "size": 0.1, "color_name": 51, "color_r": 0, "color_g": 128, "color_b": 0, "shape": 0, "width": 1024}, {"x": 0.32144359404000106, "y": 0.40100199841478873, "size": 0.1, "color_name": 142, "color_r": 255, "color_g": 255, "color_b": 0, "shape": 0, "width": 1024}, {"x": 0.36523067756973415, "y": 0.32516054502602865, "size": 0.1, "color_name": 51, "color_r": 0, "color_g": 128, "color_b": 0, "shape": 0, "width": 1024}, {"x": 0.4090177610994673, "y": 0.2493190916372685, "size": 0.1, "color_name": 142, "color_r": 255, "color_g": 255, "color_b": 0, "shape": 0, "width": 1024}]]}