{"principle": "closure", "img_data": [[{"x": 0.30670923796864963, "y": 0.33681265995075454, "size": 0.1, "color_name": 116, "color_r": 255, "color_g": 0, "color_b": 0, "shape": 0, "width": 1024}, {"x": 0.30670923796864963, "y": 0.7323398346383214, "size": 0.1, "color_name": 8, "color_r": 0, "color_g": 0, "color_b": 255, "shape": 0, "width": 1024}, {"x": 0.43855162953117194, "y": 0.33681265995075454, "size": 0.1, "color_name": 116, "color_r": 255, "color_g": 0, "color_b": 0, "shape": 0, "width": 1024}, {"x": 0.43855162953117194, "y": 0.7323398346383214, "size": 0.1, "color_name": 8, "color_r": 0, "color_g": 0, "color_b": 255, "shape": 0, "width": 1024}, {"x": 0.5703940210936942, "y": 0.33681265995075454, "size": 0.1, "color_name": 116, "color_r": 255, "color_g": 0, "color_b": 0, "shape": 0, "width": 1024}, {"x": 0.5703940210936942, "y": 0.7323398346383214, "size": 0.1, "color_name": 8, "color_r": 0, "color_g": 0, "color_b": 255, "shape": 0, "width": 1024}, {"x": 0.7022364126562166, "y": 0.33681265995075454, "size": 0.1, "color_name": 8, "color_r": 0, "color_g": 0, "color_b": 255, "shape": 0, "width": 1024}, {"x": 0.7022364126562166, "y": 0.7323398346383214, "size": 0.1, "color_name": 8, "color_r": 0, "color_g": 0, "color_b": 255, "shape": 0, "width": 1024}, {"x": 0.30670923796864963, "y": 0.46865505151327685, "size": 0.1, "color_name": 8, "color_r": 0, "color_g": 0, "color_b": 255, "shape": 0, "width": 1024}, {"x": 0.7022364126562166, "y": 0.46865505151327685, "size": 0.1, "color_name": 116, "color_r": 255, "color_g": 0, "color_b": 0, "shape": 0, "width": 1024}, {"x": 0.30670923796864963, "y": 0.6004974430757992, "size": 0.1, "color_name": 8, "color_r": 0, "color_g": 0, "color_b": 255, "shape": 0, "width": 1024}, {"x": 0.7022364126562166, "y": 0.6004974430757992, "size": 0.1, "color_name": 116, "color_r": 255, "color_g": 0, "color_b": 0, "shape": 0, "width": 1024}], [{"x": 0.23975746181539698, "y": 0.315706419716906, "size": 0.1, "color_name": 8, "color_r": 0, "color_g": 0, "color_b": 255, "shape": 0, "width": 1024}, {"x": 0.23975746181539698, "y": 0.7052354732389687, "size": 0.1, "color_name": 8, "color_r": 0, "color_g": 0, "color_b": 255, "shape": 0, "width": 1024}, {"x": 0.36960047965608456, "y": 0.315706419716906, "size": 0.1, "color_name": 116, "color_r": 255, "color_g": 0, "color_b": 0, "shape": 0, "width": 1024}, {"x": 0.36960047965608456, "y": 0.7052354732389687, "size": 0.1, "color_name": 8, "color_r": 0, "color_g": 0, "color_b": 255, "shape": 0, "width": 1024}, {"x": 0.4994434974967721, "y": 0.315706419716906, "size": 0.1, "color_name": 116, "color_r": 255, "color_g": 0, "color_b": 0, "shape": 0, "width": 1024}, {"x": 0.4994434974967721, "y": 0.7052354732389687, "size": 0.1, "color_name": 116, "color_r": 255, "color_g": 0, "color_b": 0, "shape": 0, "width": 1024}, {"x": 0.6292865153374596, "y": 0.315706419716906, "size": 0.1, "color_name": 116, "color_r": 255, "color_g": 0, "color_b": 0, "shape": 0, "width": 1024}, {"x": 0.6292865153374596, "y": 0.7052354732389687, "size": 0.1, "color_name": 116, "color_r": 255, "color_g": 0, "color_b": 0, "shape": 0, "width": 1024}, {"x": 0.23975746181539698, "y": 0.4455494375575936, "size": 0.1, "color_name": 8, "color_r": 0, "color_g": 0, "color_b": 255, "shape": 0, "width": 1024}, {"x": 0.6292865153374596, "y": 0.4455494375575936, "size": 0.1, "color_name": 116, "color_r": 255, "color_g": 0, "color_b": 0, "shape": 0, "width": 1024}, {"x": 0.23975746181539698, "y": 0.5753924553982811, "size": 0.1, "color_name": 8, "color_r": 0, "color_g": 0, "color_b": 255, "shape": 0, "width": 1024}, {"x": 0.6292865153374596, "y": 0.5753924553982811, "size": 0.1, "color_name": 116, "color_r": 255, "color_g": 0, "color_b": 0, "shape": 0, "width": 1024}], [{"x": 0.324284092457139, "y": 0.284180989709832, "size": 0.1, "color_name": 116, "color_r": 255, "color_g": 0, "color_b": 0, "shape": 0, "width": 1024}, {"x": 0.324284092457139, "y": 0.6679915947384061, "size": 0.1, "color_name": 116, "color_r": 255, "color_g": 0, "color_b": 0, "shape": 0, "width": 1024}, {"x": 0.452220960799997, "y": 0.284180989709832, "size": 0.1, "color_name": 8, "color_r": 0, "color_g": 0, "color_b": 255, "shape": 0, "width": 1024}, {"x": 0.452220960799997, "y": 0.6679915947384061, "size": 0.1, "color_name": 116, "color_r": 255, "color_g": 0, "color_b": 0, "shape": 0, "width": 1024}, {"x": 0.5801578291428551, "y": 0.284180989709832, "size": 0.1, "color_name": 116, "color_r": 255, "color_g": 0, "color_b": 0, "shape": 0, "width": 1024}, {"x": 0.5801578291428551, "y": 0.6679915947384061, "size": 0.1, "color_name": 116, "color_r": 255, "color_g": 0, "color_b": 0, "shape": 0, "width": 1024}, {"x": 0.708094697485713, "y": 0.284180989709832, "size": 0.1, "color_name": 8, "color_r": 0, "color_g": 0, "color_b": 255, "shape": 0, "width": 1024}, {"x": 0.708094697485713, "y": 0.6679915947384061, "size": 0.1, "color_name": 116, "color_r": 255, "color_g": 0, "color_b": 0, "shape": 0, "width": 1024}, {"x": 0.324284092457139, "y": 0.41211785805269, "size": 0.1, "color_name": 116, "color_r": 255, "color_g": 0, "color_b": 0, "shape": 0, "width": 1024}, {"x": 0.708094697485713, "y": 0.41211785805269, "size": 0.1, "color_name": 116, "color_r": 255, "color_g": 0, "color_b": 0, "shape": 0, "width": 1024}, {"x": 0.324284092457139, "y": 0.540054726395548, "size": 0.1, "color_name": 116, "color_r": 255, "color_g": 0, "color_b": 0, "shape": 0, "width": 1024}, {"x": 0.708094697485713, "y": 0.540054726395548, "size": 0.1, "color_name": 116, "color_r": 255, "color_g": 0, "color_b": 0, "shape": 0, "width": 1024}], [{"x": 0.39396105832035, "y": 0.2717048570529824, "size": 0.1, "color_name": 116, "color_r": 255, "color_g": 0, "color_b": 0, "shape": 0, "width": 1024}, {"x": 0.39396105832035, "y": 0.6151145711589474, "size": 0.1, "color_name": 8, "color_r": 0, "color_g": 0, "color_b": 255, "shape": 0, "width": 1024}, {"x": 0.5084309630223383, "y": 0.2717048570529824, "size": 0.1, "color_name": 8, "color_r": 0, "color_g": 0, "color_b": 255, "shape": 0, "width": 1024}, {"x": 0.5084309630223383, "y": 0.6151145711589474, "size": 0.1, "color_name": 8, "color_r": 0, "color_g": 0, "color_b": 255, "shape": 0, "width": 1024}, {"x": 0.6229008677243266, "y": 0.2717048570529824, "size": 0.1, "color_name": 8, "color_r": 0, "color_g": 0, "color_b": 255, "shape": 0, "width": 1024}, {"x": 0.6229008677243266, "y": 0.6151145711589474, "size": 0.1, "color_name": 8, "color_r": 0, "color_g": 0, "color_b": 255, "shape": 0, "width": 1024}, {"x": 0.737370772426315, "y": 0.2717048570529824, "size": 0.1, "color_name": 116, "color_r": 255, "color_g": 0, "color_b": 0, "shape": 0, "width": 1024}, {"x": 0.737370772426315, "y": 0.6151145711589474, "size": 0.1, "color_name": 8, "color_r": 0, "color_g": 0, "color_b": 255, "shape": 0, "width": 1024}, {"x": 0.39396105832035, "y": 0.38617476175497073, "size": 0.1, "color_name": 116, "color_r": 255, "color_g": 0, "color_b": 0, "shape": 0, "width": 1024}, {"x": 0.7373707724263149, "y": 0.38617476175497073, "size": 0.1, "color_name": 116, "color_r": 255, "color_g": 0, "color_b": 0, "shape": 0, "width": 1024}, {"x": 0.39396105832035, "y": 0.500644666456959, "size": 0.1, "color_name": 8, "color_r": 0, "color_g": 0, "color_b": 255, "shape": 0, "width": 1024}, {"x": 0.7373707724263149, "y": 0.500644666456959, "size": 0.1, "color_name": 8, "color_r": 0, "color_g": 0, "color_b": 255, "shape": 0, "width": 1024}], [{"x": 0.3437456542706217, "y": 0.3423945070413907, "size": 0.1, "color_name": 8, "color_r": 0, "color_g": 0, "color_b": 255, "shape": 0, "width": 1024}, {"x": 0.3437456542706217, "y": 0.7141315023471302, "size": 0.1, "color_name": 8, "color_r": 0, "color_g": 0, "color_b": 255, "shape": 0, "width": 1024}, {"x": 0.46765798603920156, "y": 0.3423945070413907, "size": 0.1, "color_name": 116, "color_r": 255, "color_g": 0, "color_b": 0, "shape": 0, "width": 1024}, {"x": 0.46765798603920156, "y": 0.7141315023471302, "size": 0.1, "color_name": 8, "color_r": 0, "color_g": 0, "color_b": 255, "shape": 0, "width": 1024}, {"x": 0.5915703178077814, "y": 0.3423945070413907, "size": 0.1, "color_name": 8, "color_r": 0, "color_g": 0, "color_b": 255, "shape": 0, "width": 1024}, {"x": 0.5915703178077814, "y": 0.7141315023471302, "size": 0.1, "color_name": 8, "color_r": 0, "color_g": 0, "color_b": 255, "shape": 0, "width": 1024}, {"x": 0.7154826495763613, "y": 0.3423945070413907, "size": 0.1, "color_name": 8, "color_r": 0, "color_g": 0, "color_b": 255, "shape": 0, "width": 1024}, {"x": 0.7154826495763613, "y": 0.7141315023471302, "size": 0.1, "color_name": 116, "color_r": 255, "color_g": 0, "color_b": 0, "shape": 0, "width": 1024}, {"x": 0.3437456542706217, "y": 0.46630683880997054, "size": 0.1, "color_name": 8, "color_r": 0, "color_g": 0, "color_b": 255, "shape": 0, "width": 1024}, {"x": 0.7154826495763613, "y": 0.46630683880997054, "size": 0.1, "color_name": 116, "color_r": 255, "color_g": 0, "color_b": 0, "shape": 0, "width": 1024}, {"x": 0.3437456542706217, "y": 0.5902191705785504, "size": 0.1, "color_name": 8, "color_r": 0, "color_g": 0, "color_b": 255, "shape": 0, "width": 1024}, {"x": 0.7154826495763613, "y": 0.5902191705785504, "size": 0.1, "color_name": 8, "color_r": 0, "color_g": 0, "color_b": 255, "shape": 0, "width": 1024}], [{"x": 0.288660255263265, "y": 0.27113380213156335, "size": 0.1, "color_name": 8, "color_r": 0, "color_g": 0, "color_b": 255, "shape": 0, "width": 1024}, {"x": 0.288660255263265, "y": 0.6484543126580934, "size": 0.1, "color_name": 116, "color_r": 255, "color_g": 0, "color_b": 0, "shape": 0, "width": 1024}, {"x": 0.4144337587721083, "y": 0.27113380213156335, "size": 0.1, "color_name": 8, "color_r": 0, "color_g": 0, "color_b": 255, "shape": 0, "width": 1024}, {"x": 0.4144337587721083, "y": 0.6484543126580934, "size": 0.1, "color_name": 8, "color_r": 0, "color_g": 0, "color_b": 255, "shape": 0, "width": 1024}, {"x": 0.5402072622809517, "y": 0.27113380213156335, "size": 0.1, "color_name": 8, "color_r": 0, "color_g": 0, "color_b": 255, "shape": 0, "width": 1024}, {"x": 0.5402072622809517, "y": 0.6484543126580934, "size": 0.1, "color_name": 8, "color_r": 0, "color_g": 0, "color_b": 255, "shape": 0, "width": 1024}, {"x": 0.665980765789795, "y": 0.27113380213156335, "size": 0.1, "color_name": 116, "color_r": 255, "color_g": 0, "color_b": 0, "shape": 0, "width": 1024}, {"x": 0.665980765789795, "y": 0.6484543126580934, "size": 0.1, "color_name": 116, "color_r": 255, "color_g": 0, "color_b": 0, "shape": 0, "width": 1024}, {"x": 0.288660255263265, "y": 0.39690730564040666, "size": 0.1, "color_name": 8, "color_r": 0, "color_g": 0, "color_b": 255, "shape": 0, "width": 1024}, {"x": 0.665980765789795, "y": 0.39690730564040666, "size": 0.1, "color_name": 8, "color_r": 0, "color_g": 0, "color_b": 255, "shape": 0, "width": 1024}, {"x": 0.288660255263265, "y": 0.5226808091492501, "size": 0.1, "color_name": 116, "color_r": 255, "color_g": 0, "color_b": 0, "shape": 0, "width": 1024}, {"x": 0.665980765789795, "y": 0.5226808091492501, "size": 0.1, "color_name": 116, "color_r": 255, "color_g": 0, "color_b": 0, "shape": 0, "width": 1024}], [{"x": 0.29695977853756284, "y": 0.3802063377602348, "size": 0.1, "color_name": 8, "color_r": 0, "color_g": 0, "color_b": 255, "shape": 0, "width": 1024}, {"x": 0.29695977853756284, "y": 0.7741258948353605, "size": 0.1, "color_name": 116, "color_r": 255, "color_g": 0, "color_b": 0, "shape": 0, "width": 1024}, {"x": 0.4282662975626047, "y": 0.3802063377602348, "size": 0.1, "color_name": 8, "color_r": 0, "color_g": 0, "color_b": 255, "shape": 0, "width": 1024}, {"x": 0.4282662975626047, "y": 0.7741258948353605, "size": 0.1, "color_name": 8, "color_r": 0, "color_g": 0, "color_b": 255, "shape": 0, "width": 1024}, {"x": 0.5595728165876466, "y": 0.3802063377602348, "size": 0.1, "color_name": 116, "color_r": 255, "color_g": 0, "color_b": 0, "shape": 0, "width": 1024}, {"x": 0.5595728165876466, "y": 0.7741258948353605, "size": 0.1, "color_name": 116, "color_r": 255, "color_g": 0, "color_b": 0, "shape": 0, "width": 1024}, {"x": 0.6908793356126885, "y": 0.3802063377602348, "size": 0.1, "color_name": 8, "color_r": 0, "color_g": 0, "color_b": 255, "shape": 0, "width": 1024}, {"x": 0.6908793356126885, "y": 0.7741258948353605, "size": 0.1, "color_name": 116, "color_r": 255, "color_g": 0, "color_b": 0, "shape": 0, "width": 1024}, {"x": 0.29695977853756284, "y": 0.5115128567852767, "size": 0.1, "color_name": 8, "color_r": 0, "color_g": 0, "color_b": 255, "shape": 0, "width": 1024}, {"x": 0.6908793356126885, "y": 0.5115128567852767, "size": 0.1, "color_name": 116, "color_r": 255, "color_g": 0, "color_b": 0, "shape": 0, "width": 1024}, {"x": 0.29695977853756284, "y": 0.6428193758103187, "size": 0.1, "color_name": 116, "color_r": 255, "color_g": 0, "color_b": 0, "shape": 0, "width": 1024}, {"x": 0.6908793356126885, "y": 0.6428193758103187, "size": 0.1, "color_name": 8, "color_r": 0, "color_g": 0, "color_b": 255, "shape": 0, "width": 1024}], [{"x": 0.3416575154614915, "y": 0.28693269154499224, "size": 0.1, "color_name": 8, "color_r": 0, "color_g": 0, "color_b": 255, "shape": 0, "width": 1024}, {"x": 0.3416575154614915, "y": 0.6607980746349766, "size": 0.1, "color_name": 8, "color_r": 0, "color_g": 0, "color_b": 255, "shape": 0, "width": 1024}, {"x": 0.46627930982481963, "y": 0.28693269154499224, "size": 0.1, "color_name": 116, "color_r": 255, "color_g": 0, "color_b": 0, "shape": 0, "width": 1024}, {"x": 0.46627930982481963, "y": 0.6607980746349766, "size": 0.1, "color_name": 8, "color_r": 0, "color_g": 0, "color_b": 255, "shape": 0, "width": 1024}, {"x": 0.5909011041881478, "y": 0.28693269154499224, "size": 0.1, "color_name": 8, "color_r": 0, "color_g": 0, "color_b": 255, "shape": 0, "width": 1024}, {"x": 0.5909011041881478, "y": 0.6607980746349766, "size": 0.1, "color_name": 8, "color_r": 0, "color_g": 0, "color_b": 255, "shape": 0, "width": 1024}, {"x": 0.7155228985514759, "y": 0.28693269154499224, "size": 0.1, "color_name": 8, "color_r": 0, "color_g": 0, "color_b": 255, "shape": 0, "width": 1024}, {"x": 0.7155228985514759, "y": 0.6607980746349766, "size": 0.1, "color_name": 8, "color_r": 0, "color_g": 0, "color_b": 255, "shape": 0, "width": 1024}, {"x": 0.3416575154614915, "y": 0.4115544859083204, "size": 0.1, "color_name": 8, "color_r": 0, "color_g": 0, "color_b": 255, "shape": 0, "width": 1024}, {"x": 0.715522898551476, "y": 0.4115544859083204, "size": 0.1, "color_name": 8, "color_r": 0, "color_g": 0, "color_b": 255, "shape": 0, "width": 1024}, {"x": 0.3416575154614915, "y": 0.5361762802716485, "size": 0.1, "color_name": 8, "color_r": 0, "color_g": 0, "color_b": 255, "shape": 0, "width": 1024}, {"x": 0.715522898551476, "y": 0.5361762802716485, "size": 0.1, "color_name": 116, "color_r": 255, "color_g": 0, "color_b": 0, "shape": 0, "width": 1024}], [{"x": 0.2768508585856171, "y": 0.37478453480544716, "size": 0.1, "color_name": 116, "color_r": 255, "color_g": 0, "color_b": 0, "shape": 0, "width": 1024}, {"x": 0.2768508585856171, "y": 0.7284862519766814, "size": 0.1, "color_name": 116, "color_r": 255, "color_g": 0, "color_b": 0, "shape": 0, "width": 1024}, {"x": 0.3947514309760285, "y": 0.37478453480544716, "size": 0.1, "color_name": 116, "color_r": 255, "color_g": 0, "color_b": 0, "shape": 0, "width": 1024}, {"x": 0.3947514309760285, "y": 0.7284862519766814, "size": 0.1, "color_name": 116, "color_r": 255, "color_g": 0, "color_b": 0, "shape": 0, "width": 1024}, {"x": 0.5126520033664399, "y": 0.37478453480544716, "size": 0.1, "color_name": 8, "color_r": 0, "color_g": 0, "color_b": 255, "shape": 0, "width": 1024}, {"x": 0.5126520033664399, "y": 0.7284862519766814, "size": 0.1, "color_name": 116, "color_r": 255, "color_g": 0, "color_b": 0, "shape": 0, "width": 1024}, {"x": 0.6305525757568513, "y": 0.37478453480544716, "size": 0.1, "color_name": 116, "color_r": 255, "color_g": 0, "color_b": 0, "shape": 0, "width": 1024}, {"x": 0.6305525757568513, "y": 0.7284862519766814, "size": 0.1, "color_name": 8, "color_r": 0, "color_g": 0, "color_b": 255, "shape": 0, "width": 1024}, {"x": 0.2768508585856171, "y": 0.49268510719585856, "size": 0.1, "color_name": 8, "color_r": 0, "color_g": 0, "color_b": 255, "shape": 0, "width": 1024}, {"x": 0.6305525757568514, "y": 0.49268510719585856, "size": 0.1, "color_name": 8, "color_r": 0, "color_g": 0, "color_b": 255, "shape": 0, "width": 1024}, {"x": 0.2768508585856171, "y": 0.61058567958627, "size": 0.1, "color_name": 8, "color_r": 0, "color_g": 0, "color_b": 255, "shape": 0, "width": 1024}, {"x": 0.6305525757568514, "y": 0.61058567958627, "size": 0.1, "color_name": 116, "color_r": 255, "color_g": 0, "color_b": 0, "shape": 0, "width": 1024}], [{"x": 0.22131386368665473, "y": 0.2987269100465187, "size": 0.1, "color_name": 116, "color_r": 255, "color_g": 0, "color_b": 0, "shape": 0, "width": 1024}, {"x": 0.22131386368665473, "y": 0.6961807301395562, "size": 0.1, "color_name": 116, "color_r": 255, "color_g": 0, "color_b": 0, "shape": 0, "width": 1024}, {"x": 0.3537984703843339, "y": 0.2987269100465187, "size": 0.1, "color_name": 116, "color_r": 255, "color_g": 0, "color_b": 0, "shape": 0, "width": 1024}, {"x": 0.3537984703843339, "y": 0.6961807301395562, "size": 0.1, "color_name": 8, "color_r": 0, "color_g": 0, "color_b": 255, "shape": 0, "width": 1024}, {"x": 0.486283077082013, "y": 0.2987269100465187, "size": 0.1, "color_name": 8, "color_r": 0, "color_g": 0, "color_b": 255, "shape": 0, "width": 1024}, {"x": 0.486283077082013, "y": 0.6961807301395562, "size": 0.1, "color_name": 116, "color_r": 255, "color_g": 0, "color_b": 0, "shape": 0, "width": 1024}, {"x": 0.6187676837796922, "y": 0.2987269100465187, "size": 0.1, "color_name": 8, "color_r": 0, "color_g": 0, "color_b": 255, "shape": 0, "width": 1024}, {"x": 0.6187676837796922, "y": 0.6961807301395562, "size": 0.1, "color_name": 8, "color_r": 0, "color_g": 0, "color_b": 255, "shape": 0, "width": 1024}, {"x": 0.22131386368665473, "y": 0.43121151674419783, "size": 0.1, "color_name": 8, "color_r": 0, "color_g": 0, "color_b": 255, "shape": 0, "width": 1024}, {"x": 0.6187676837796922, "y": 0.43121151674419783, "size": 0.1, "color_name": 8, "color_r": 0, "color_g": 0, "color_b": 255, "shape": 0, "width": 1024}, {"x": 0.22131386368665473, "y": 0.5636961234418769, "size": 0.1, "color_name": 8, "color_r": 0, "color_g": 0, "color_b": 255, "shape": 0, "width": 1024}, {"x": 0.6187676837796922, "y": 0.5636961234418769, "size": 0.1, "color_name": 116, "color_r": 255, "color_g": 0, "color_b": 0, "shape": 0, "width": 1024}], [{"x": 0.21851315016342798, "y": 0.3050628885731022, "size": 0.1, "color_name": 8, "color_r": 0, "color_g": 0, "color_b": 255, "shape": 0, "width": 1024}, {"x": 0.21851315016342798, "y": 0.7016876295243675, "size": 0.1, "color_name": 8, "color_r": 0, "color_g": 0, "color_b": 255, "shape": 0, "width": 1024}, {"x": 0.3507213971471831, "y": 0.3050628885731022, "size": 0.1, "color_name": 116, "color_r": 255, "color_g": 0, "color_b": 0, "shape": 0, "width": 1024}, {"x": 0.3507213971471831, "y": 0.7016876295243675, "size": 0.1, "color_name": 8, "color_r": 0, "color_g": 0, "color_b": 255, "shape": 0, "width": 1024}, {"x": 0.48292964413093814, "y": 0.3050628885731022, "size": 0.1, "color_name": 116, "color_r": 255, "color_g": 0, "color_b": 0, "shape": 0, "width": 1024}, {"x": 0.48292964413093814, "y": 0.7016876295243675, "size": 0.1, "color_name": 116, "color_r": 255, "color_g": 0, "color_b": 0, "shape": 0, "width": 1024}, {"x": 0.6151378911146932, "y": 0.3050628885731022, "size": 0.1, "color_name": 8, "color_r": 0, "color_g": 0, "color_b": 255, "shape": 0, "width": 1024}, {"x": 0.6151378911146932, "y": 0.7016876295243675, "size": 0.1, "color_name": 8, "color_r": 0, "color_g": 0, "color_b": 255, "shape": 0, "width": 1024}, {"x": 0.21851315016342798, "y": 0.43727113555685726, "size": 0.1, "color_name": 116, "color_r": 255, "color_g": 0, "color_b": 0, "shape": 0, "width": 1024}, {"x": 0.6151378911146932, "y": 0.43727113555685726, "size": 0.1, "color_name": 8, "color_r": 0, "color_g": 0, "color_b": 255, "shape": 0, "width": 1024}, {"x": 0.21851315016342798, "y": 0.5694793825406124, "size": 0.1, "color_name": 8, "color_r": 0, "color_g": 0, "color_b": 255, "shape": 0, "width": 1024}, {"x": 0.6151378911146932, "y": 0.5694793825406124, "size": 0.1, "color_name": 116, "color_r": 255, "color_g": 0, "color_b": 0, "shape": 0, "width": 1024}], [{"x": 0.4143202117822003, "y": 0.43671534619551383, "size": 0.1, "color_name": 8, "color_r": 0, "color_g": 0, "color_b": 255, "shape": 0, "width": 1024}, {"x": 0.4143202117822003, "y": 0.760501871674047, "size": 0.1, "color_name": 116, "color_r": 255, "color_g": 0, "color_b": 0, "shape": 0, "width": 1024}, {"x": 0.522249053608378, "y": 0.43671534619551383, "size": 0.1, "color_name": 116, "color_r": 255, "color_g": 0, "color_b": 0, "shape": 0, "width": 1024}, {"x": 0.522249053608378, "y": 0.760501871674047, "size": 0.1, "color_name": 116, "color_r": 255, "color_g": 0, "color_b": 0, "shape": 0, "width": 1024}, {"x": 0.6301778954345557, "y": 0.43671534619551383, "size": 0.1, "color_name": 116, "color_r": 255, "color_g": 0, "color_b": 0, "shape": 0, "width": 1024}, {"x": 0.6301778954345557, "y": 0.760501871674047, "size": 0.1, "color_name": 116, "color_r": 255, "color_g": 0, "color_b": 0, "shape": 0, "width": 1024}, {"x": 0.7381067372607335, "y": 0.43671534619551383, "size": 0.1, "color_name": 8, "color_r": 0, "color_g": 0, "color_b": 255, "shape": 0, "width": 1024}, {"x": 0.7381067372607335, "y": 0.760501871674047, "size": 0.1, "color_name": 116, "color_r": 255, "color_g": 0, "color_b": 0, "shape": 0, "width": 1024}, {"x": 0.4143202117822003, "y": 0.5446441880216916, "size": 0.1, "color_name": 116, "color_r": 255, "color_g": 0, "color_b": 0, "shape": 0, "width": 1024}, {"x": 0.7381067372607335, "y": 0.5446441880216916, "size": 0.1, "color_name": 8, "color_r": 0, "color_g": 0, "color_b": 255, "shape": 0, "width": 1024}, {"x": 0.4143202117822003, "y": 0.6525730298478692, "size": 0.1, "color_name": 116, "color_r": 255, "color_g": 0, "color_b": 0, "shape": 0, "width": 1024}, {"x": 0.7381067372607335, "y": 0.6525730298478692, "size": 0.1, "color_name": 116, "color_r": 255, "color_g": 0, "color_b": 0, "shape": 0, "width": 1024}], [{"x": 0.295753802917134, "y": 0.2391060952900062, "size": 0.1, "color_name": 116, "color_r": 255, "color_g": 0, "color_b": 0, "shape": 0, "width": 1024}, {"x": 0.295753802917134, "y": 0.6306137011242743, "size": 0.1, "color_name": 116, "color_r": 255, "color_g": 0, "color_b": 0, "shape": 0, "width": 1024}, {"x": 0.42625633819522335, "y": 0.2391060952900062, "size": 0.1, "color_name": 116, "color_r": 255, "color_g": 0, "color_b": 0, "shape": 0, "width": 1024}, {"x": 0.42625633819522335, "y": 0.6306137011242743, "size": 0.1, "color_name": 116, "color_r": 255, "color_g": 0, "color_b": 0, "shape": 0, "width": 1024}, {"x": 0.5567588734733127, "y": 0.2391060952900062, "size": 0.1, "color_name": 116, "color_r": 255, "color_g": 0, "color_b": 0, "shape": 0, "width": 1024}, {"x": 0.5567588734733127, "y": 0.6306137011242743, "size": 0.1, "color_name": 8, "color_r": 0, "color_g": 0, "color_b": 255, "shape": 0, "width": 1024}, {"x": 0.687261408751402, "y": 0.2391060952900062, "size": 0.1, "color_name": 116, "color_r": 255, "color_g": 0, "color_b": 0, "shape": 0, "width": 1024}, {"x": 0.687261408751402, "y": 0.6306137011242743, "size": 0.1, "color_name": 8, "color_r": 0, "color_g": 0, "color_b": 255, "shape": 0, "width": 1024}, {"x": 0.295753802917134, "y": 0.36960863056809556, "size": 0.1, "color_name": 116, "color_r": 255, "color_g": 0, "color_b": 0, "shape": 0, "width": 1024}, {"x": 0.687261408751402, "y": 0.36960863056809556, "size": 0.1, "color_name": 8, "color_r": 0, "color_g": 0, "color_b": 255, "shape": 0, "width": 1024}, {"x": 0.295753802917134, "y": 0.5001111658461849, "size": 0.1, "color_name": 8, "color_r": 0, "color_g": 0, "color_b": 255, "shape": 0, "width": 1024}, {"x": 0.687261408751402, "y": 0.5001111658461849, "size": 0.1, "color_name": 8, "color_r": 0, "color_g": 0, "color_b": 255, "shape": 0, "width": 1024}], [{"x": 0.3426879385117558, "y": 0.3440302927486732, "size": 0.1, "color_name": 8, "color_r": 0, "color_g": 0, "color_b": 255, "shape": 0, "width": 1024}, {"x": 0.3426879385117558, "y": 0.7155716670741694, "size": 0.1, "color_name": 8, "color_r": 0, "color_g": 0, "color_b": 255, "shape": 0, "width": 1024}, {"x": 0.4665350632869212, "y": 0.3440302927486732, "size": 0.1, "color_name": 116, "color_r": 255, "color_g": 0, "color_b": 0, "shape": 0, "width": 1024}, {"x": 0.4665350632869212, "y": 0.7155716670741694, "size": 0.1, "color_name": 8, "color_r": 0, "color_g": 0, "color_b": 255, "shape": 0, "width": 1024}, {"x": 0.5903821880620865, "y": 0.3440302927486732, "size": 0.1, "color_name": 116, "color_r": 255, "color_g": 0, "color_b": 0, "shape": 0, "width": 1024}, {"x": 0.5903821880620865, "y": 0.7155716670741694, "size": 0.1, "color_name": 116, "color_r": 255, "color_g": 0, "color_b": 0, "shape": 0, "width": 1024}, {"x": 0.7142293128372519, "y": 0.3440302927486732, "size": 0.1, "color_name": 8, "color_r": 0, "color_g": 0, "color_b": 255, "shape": 0, "width": 1024}, {"x": 0.7142293128372519, "y": 0.7155716670741694, "size": 0.1, "color_name": 116, "color_r": 255, "color_g": 0, "color_b": 0, "shape": 0, "width": 1024}, {"x": 0.3426879385117558, "y": 0.4678774175238386, "size": 0.1, "color_name": 8, "color_r": 0, "color_g": 0, "color_b": 255, "shape": 0, "width": 1024}, {"x": 0.7142293128372519, "y": 0.4678774175238386, "size": 0.1, "color_name": 8, "color_r": 0, "color_g": 0, "color_b": 255, "shape": 0, "width": 1024}, {"x": 0.3426879385117558, "y": 0.591724542299004, "size": 0.1, "color_name": 116, "color_r": 255, "color_g": 0, "color_b": 0, "shape": 0, "width": 1024}, {"x": 0.7142293128372519, "y": 0.591724542299004, "size": 0.1, "color_name": 8, "color_r": 0, "color_g": 0, "color_b": 255, "shape": 0, "width": 1024}], [{"x": 0.25109260377006565, "y": 0.34642194925584957, "size": 0.1, "color_name": 8, "color_r": 0, "color_g": 0, "color_b": 255, "shape": 0, "width": 1024}, {"x": 0.25109260377006565, "y": 0.7154739830852832, "size": 0.1, "color_name": 8, "color_r": 0, "color_g": 0, "color_b": 255, "shape": 0, "width": 1024}, {"x": 0.3741099483798769, "y": 0.34642194925584957, "size": 0.1, "color_name": 8, "color_r": 0, "color_g": 0, "color_b": 255, "shape": 0, "width": 1024}, {"x": 0.3741099483798769, "y": 0.7154739830852832, "size": 0.1, "color_name": 116, "color_r": 255, "color_g": 0, "color_b": 0, "shape": 0, "width": 1024}, {"x": 0.49712729298968805, "y": 0.34642194925584957, "size": 0.1, "color_name": 116, "color_r": 255, "color_g": 0, "color_b": 0, "shape": 0, "width": 1024}, {"x": 0.49712729298968805, "y": 0.7154739830852832, "size": 0.1, "color_name": 8, "color_r": 0, "color_g": 0, "color_b": 255, "shape": 0, "width": 1024}, {"x": 0.6201446375994992, "y": 0.34642194925584957, "size": 0.1, "color_name": 116, "color_r": 255, "color_g": 0, "color_b": 0, "shape": 0, "width": 1024}, {"x": 0.6201446375994992, "y": 0.7154739830852832, "size": 0.1, "color_name": 8, "color_r": 0, "color_g": 0, "color_b": 255, "shape": 0, "width": 1024}, {"x": 0.25109260377006565, "y": 0.4694392938656608, "size": 0.1, "color_name": 116, "color_r": 255, "color_g": 0, "color_b": 0, "shape": 0, "width": 1024}, {"x": 0.6201446375994992, "y": 0.4694392938656608, "size": 0.1, "color_name": 116, "color_r": 255, "color_g": 0, "color_b": 0, "shape": 0, "width": 1024}, {"x": 0.25109260377006565, "y": 0.592456638475472, "size": 0.1, "color_name": 116, "color_r": 255, "color_g": 0, "color_b": 0, "shape": 0, "width": 1024}, {"x": 0.6201446375994992, "y": 0.592456638475472, "size": 0.1, "color_name": 116, "color_r": 255, "color_g": 0, "color_b": 0, "shape": 0, "width": 1024}], [{"x": 0.2736046482352551, "y": 0.4223029543489183, "size": 0.1, "color_name": 8, "color_r": 0, "color_g": 0, "color_b": 255, "shape": 0, "width": 1024}, {"x": 0.2736046482352551, "y": 0.7695122508194285, "size": 0.1, "color_name": 116, "color_r": 255, "color_g": 0, "color_b": 0, "shape": 0, "width": 1024}, {"x": 0.38934108039209187, "y": 0.4223029543489183, "size": 0.1, "color_name": 8, "color_r": 0, "color_g": 0, "color_b": 255, "shape": 0, "width": 1024}, {"x": 0.38934108039209187, "y": 0.7695122508194285, "size": 0.1, "color_name": 116, "color_r": 255, "color_g": 0, "color_b": 0, "shape": 0, "width": 1024}, {"x": 0.5050775125489286, "y": 0.4223029543489183, "size": 0.1, "color_name": 8, "color_r": 0, "color_g": 0, "color_b": 255, "shape": 0, "width": 1024}, {"x": 0.5050775125489286, "y": 0.7695122508194285, "size": 0.1, "color_name": 8, "color_r": 0, "color_g": 0, "color_b": 255, "shape": 0, "width": 1024}, {"x": 0.6208139447057653, "y": 0.4223029543489183, "size": 0.1, "color_name": 116, "color_r": 255, "color_g": 0, "color_b": 0, "shape": 0, "width": 1024}, {"x": 0.6208139447057653, "y": 0.7695122508194285, "size": 0.1, "color_name": 116, "color_r": 255, "color_g": 0, "color_b": 0, "shape": 0, "width": 1024}, {"x": 0.2736046482352551, "y": 0.538039386505755, "size": 0.1, "color_name": 116, "color_r": 255, "color_g": 0, "color_b": 0, "shape": 0, "width": 1024}, {"x": 0.6208139447057653, "y": 0.538039386505755, "size": 0.1, "color_name": 116, "color_r": 255, "color_g": 0, "color_b": 0, "shape": 0, "width": 1024}, {"x": 0.2736046482352551, "y": 0.6537758186625918, "size": 0.1, "color_name": 8, "color_r": 0, "color_g": 0, "color_b": 255, "shape": 0, "width": 1024}, {"x": 0.6208139447057653, "y": 0.6537758186625918, "size": 0.1, "color_name": 8, "color_r": 0, "color_g": 0, "color_b": 255, "shape": 0, "width": 1024}], [{"x": 0.29244026060898687, "y": 0.3257621321058283, "size": 0.1, "color_name": 116, "color_r": 255, "color_g": 0, "color_b": 0, "shape": 0, "width": 1024}, {"x": 0.29244026060898687, "y": 0.710642653323802, "size": 0.1, "color_name": 8, "color_r": 0, "color_g": 0, "color_b": 255, "shape": 0, "width": 1024}, {"x": 0.42073376768164483, "y": 0.3257621321058283, "size": 0.1, "color_name": 8, "color_r": 0, "color_g": 0, "color_b": 255, "shape": 0, "width": 1024}, {"x": 0.42073376768164483, "y": 0.710642653323802, "size": 0.1, "color_name": 116, "color_r": 255, "color_g": 0, "color_b": 0, "shape": 0, "width": 1024}, {"x": 0.5490272747543028, "y": 0.3257621321058283, "size": 0.1, "color_name": 116, "color_r": 255, "color_g": 0, "color_b": 0, "shape": 0, "width": 1024}, {"x": 0.5490272747543028, "y": 0.710642653323802, "size": 0.1, "color_name": 116, "color_r": 255, "color_g": 0, "color_b": 0, "shape": 0, "width": 1024}, {"x": 0.6773207818269606, "y": 0.3257621321058283, "size": 0.1, "color_name": 8, "color_r": 0, "color_g": 0, "color_b": 255, "shape": 0, "width": 1024}, {"x": 0.6773207818269606, "y": 0.710642653323802, "size": 0.1, "color_name": 116, "color_r": 255, "color_g": 0, "color_b": 0, "shape": 0, "width": 1024}, {"x": 0.29244026060898687, "y": 0.45405563917848624, "size": 0.1, "color_name": 8, "color_r": 0, "color_g": 0, "color_b": 255, "shape": 0, "width": 1024}, {"x": 0.6773207818269608, "y": 0.45405563917848624, "size": 0.1, "color_name": 116, "color_r": 255, "color_g": 0, "color_b": 0, "shape": 0, "width": 1024}, {"x": 0.29244026060898687, "y": 0.5823491462511441, "size": 0.1, "color_name": 116, "color_r": 255, "color_g": 0, "color_b": 0, "shape": 0, "width": 1024}, {"x": 0.6773207818269608, "y": 0.5823491462511441, "size": 0.1, "color_name": 8, "color_r": 0, "color_g": 0, "color_b": 255, "shape": 0, "width": 1024}], [{"x": 0.2266099788518342, "y": 0.3781910467604573, "size": 0.1, "color_name": 116, "color_r": 255, "color_g": 0, "color_b": 0, "shape": 0, "width": 1024}, {"x": 0.2266099788518342, "y": 0.7260636822534858, "size": 0.1, "color_name": 8, "color_r": 0, "color_g": 0, "color_b": 255, "shape": 0, "width": 1024}, {"x": 0.342567524016177, "y": 0.3781910467604573, "size": 0.1, "color_name": 8, "color_r": 0, "color_g": 0, "color_b": 255, "shape": 0, "width": 1024}, {"x": 0.342567524016177, "y": 0.7260636822534858, "size": 0.1, "color_name": 116, "color_r": 255, "color_g": 0, "color_b": 0, "shape": 0, "width": 1024}, {"x": 0.45852506918051983, "y": 0.3781910467604573, "size": 0.1, "color_name": 116, "color_r": 255, "color_g": 0, "color_b": 0, "shape": 0, "width": 1024}, {"x": 0.45852506918051983, "y": 0.7260636822534858, "size": 0.1, "color_name": 116, "color_r": 255, "color_g": 0, "color_b": 0, "shape": 0, "width": 1024}, {"x": 0.5744826143448627, "y": 0.3781910467604573, "size": 0.1, "color_name": 116, "color_r": 255, "color_g": 0, "color_b": 0, "shape": 0, "width": 1024}, {"x": 0.5744826143448627, "y": 0.7260636822534858, "size": 0.1, "color_name": 116, "color_r": 255, "color_g": 0, "color_b": 0, "shape": 0, "width": 1024}, {"x": 0.2266099788518342, "y": 0.4941485919248001, "size": 0.1, "color_name": 116, "color_r": 255, "color_g": 0, "color_b": 0, "shape": 0, "width": 1024}, {"x": 0.5744826143448627, "y": 0.4941485919248001, "size": 0.1, "color_name": 116, "color_r": 255, "color_g": 0, "color_b": 0, "shape": 0, "width": 1024}, {"x": 0.2266099788518342, "y": 0.610106137089143, "size": 0.1, "color_name": 8, "color_r": 0, "color_g": 0, "color_b": 255, "shape": 0, "width": 1024}, {"x": 0.5744826143448627, "y": 0.610106137089143, "size": 0.1, "color_name": 8, "color_r": 0, "color_g": 0, "color_b": 255, "shape": 0, "width": 1024}], [{"x": 0.2845828601192475, "y": 0.31900701532104, "size": 0.1, "color_name": 116, "color_r": 255, "color_g": 0, "color_b": 0, "shape": 0, "width": 1024}, {"x": 0.2845828601192475, "y": 0.70633567177368, "size": 0.1, "color_name": 8, "color_r": 0, "color_g": 0, "color_b": 255, "shape": 0, "width": 1024}, {"x": 0.41369241227012754, "y": 0.31900701532104, "size": 0.1, "color_name": 8, "color_r": 0, "color_g": 0, "color_b": 255, "shape": 0, "width": 1024}, {"x": 0.41369241227012754, "y": 0.70633567177368, "size": 0.1, "color_name": 8, "color_r": 0, "color_g": 0, "color_b": 255, "shape": 0, "width": 1024}, {"x": 0.5428019644210076, "y": 0.31900701532104, "size": 0.1, "color_name": 8, "color_r": 0, "color_g": 0, "color_b": 255, "shape": 0, "width": 1024}, {"x": 0.5428019644210076, "y": 0.70633567177368, "size": 0.1, "color_name": 8, "color_r": 0, "color_g": 0, "color_b": 255, "shape": 0, "width": 1024}, {"x": 0.6719115165718875, "y": 0.31900701532104, "size": 0.1, "color_name": 8, "color_r": 0, "color_g": 0, "color_b": 255, "shape": 0, "width": 1024}, {"x": 0.6719115165718875, "y": 0.70633567177368, "size": 0.1, "color_name": 8, "color_r": 0, "color_g": 0, "color_b": 255, "shape": 0, "width": 1024}, {"x": 0.2845828601192475, "y": 0.44811656747191997, "size": 0.1, "color_name": 116, "color_r": 255, "color_g": 0, "color_b": 0, "shape": 0, "width": 1024}, {"x": 0.6719115165718875, "y": 0.44811656747191997, "size": 0.1, "color_name": 116, "color_r": 255, "color_g": 0, "color_b": 0, "shape": 0, "width": 1024}, {"x": 0.2845828601192475, "y": 0.5772261196228, "size": 0.1, "color_name": 116, "color_r": 255, "color_g": 0, "color_b": 0, "shape": 0, "width": 1024}, {"x": 0.6719115165718875, "y": 0.5772261196228, "size": 0.1, "color_name": 8, "color_r": 0, "color_g": 0, "color_b": 255, "shape": 0, "width": 1024}], [{"x": 0.3892414576534104, "y": 0.40536134374084093, "size": 0.1, "color_name": 116, "color_r": 255, "color_g": 0, "color_b": 0, "shape": 0, "width": 1024}, {"x": 0.3892414576534104, "y": 0.7458670386385673, "size": 0.1, "color_name": 8, "color_r": 0, "color_g": 0, "color_b": 255, "shape": 0, "width": 1024}, {"x": 0.5027433559526525, "y": 0.40536134374084093, "size": 0.1, "color_name": 8, "color_r": 0, "color_g": 0, "color_b": 255, "shape": 0, "width": 1024}, {"x": 0.5027433559526525, "y": 0.7458670386385673, "size": 0.1, "color_name": 116, "color_r": 255, "color_g": 0, "color_b": 0, "shape": 0, "width": 1024}, {"x": 0.6162452542518947, "y": 0.40536134374084093, "size": 0.1, "color_name": 8, "color_r": 0, "color_g": 0, "color_b": 255, "shape": 0, "width": 1024}, {"x": 0.6162452542518947, "y": 0.7458670386385673, "size": 0.1, "color_name": 8, "color_r": 0, "color_g": 0, "color_b": 255, "shape": 0, "width": 1024}, {"x": 0.7297471525511368, "y": 0.40536134374084093, "size": 0.1, "color_name": 8, "color_r": 0, "color_g": 0, "color_b": 255, "shape": 0, "width": 1024}, {"x": 0.7297471525511368, "y": 0.7458670386385673, "size": 0.1, "color_name": 8, "color_r": 0, "color_g": 0, "color_b": 255, "shape": 0, "width": 1024}, {"x": 0.3892414576534104, "y": 0.518863242040083, "size": 0.1, "color_name": 116, "color_r": 255, "color_g": 0, "color_b": 0, "shape": 0, "width": 1024}, {"x": 0.7297471525511368, "y": 0.518863242040083, "size": 0.1, "color_name": 8, "color_r": 0, "color_g": 0, "color_b": 255, "shape": 0, "width": 1024}, {"x": 0.3892414576534104, "y": 0.6323651403393252, "size": 0.1, "color_name": 116, "color_r": 255, "color_g": 0, "color_b": 0, "shape": 0, "width": 1024}, {"x": 0.7297471525511368, "y": 0.6323651403393252, "size": 0.1, "color_name": 116, "color_r": 255, "color_g": 0, "color_b": 0, "shape": 0, "width": 1024}]]}