{"principle": "proximity", "img_data": [[{"x": 0.29783200984810543, "y": 0.2796162975821034, "size": 0.1, "color_name": 116, "color_r": 255, "color_g": 0, "color_b": 0, "shape": 0, "width": 1024}, {"x": 0.3257257434817735, "y": 0.353783156694369, "size": 0.1, "color_name": 91, "color_r": 199, "color_g": 21, "color_b": 133, "shape": 0, "width": 1024}, {"x": 0.36332821588658426, "y": 0.22376520184324747, "size": 0.1, "color_name": 11, "color_r": 222, "color_g": 184, "color_b": 135, "shape": 0, "width": 1024}, {"x": 0.6268413913742723, "y": 0.6905836018337357, "size": 0.1, "color_name": 116, "color_r": 255, "color_g": 0, "color_b": 0, "shape": 0, "width": 1024}, {"x": 0.7324246087646211, "y": 0.6983652889890557, "size": 0.1, "color_name": 1, "color_r": 250, "color_g": 235, "color_b": 215, "shape": 0, "width": 1024}, {"x": 0.8811880000183007, "y": 0.2740282847609171, "size": 0.1, "color_name": 116, "color_r": 255, "color_g": 0, "color_b": 0, "shape": 0, "width": 1024}, {"x": 0.8046694183332685, "y": 0.2261584181798334, "size": 0.1, "color_name": 38, "color_r": 0, "color_g": 191, "color_b": 255, "shape": 0, "width": 1024}], [{"x": 0.38742423026781997, "y": 0.2635796186716074, "size": 0.1, "color_name": 116, "color_r": 255, "color_g": 0, "color_b": 0, "shape": 0, "width": 1024}, {"x": 0.2428073867764758, "y": 0.373720425801111, "size": 0.1, "color_name": 98, "color_r": 253, "color_g": 245, "color_b": 230, "shape": 0, "width": 1024}, {"x": 0.6801885678830649, "y": 0.7270746576567306, "size": 0.1, "color_name": 116, "color_r": 255, "color_g": 0, "color_b": 0, "shape": 0, "width": 1024}, {"x": 0.7440038496531536, "y": 0.6547828628882889, "size": 0.1, "color_name": 115, "color_r": 102, "color_g": 51, "color_b": 153, "shape": 0, "width": 1024}], [{"x": 0.3862270621153901, "y": 0.26250876855238847, "size": 0.1, "color_name": 116, "color_r": 255, "color_g": 0, "color_b": 0, "shape": 0, "width": 1024}, {"x": 0.27689516931796276, "y": 0.33540577396982735, "size": 0.1, "color_name": 38, "color_r": 0, "color_g": 191, "color_b": 255, "shape": 0, "width": 1024}, {"x": 0.7891647105459696, "y": 0.7031285752837656, "size": 0.1, "color_name": 116, "color_r": 255, "color_g": 0, "color_b": 0, "shape": 0, "width": 1024}, {"x": 0.6557800352368662, "y": 0.6106744863093896, "size": 0.1, "color_name": 85, "color_r": 186, "color_g": 85, "color_b": 211, "shape": 0, "width": 1024}, {"x": 0.7851890499960209, "y": 0.28622184773466547, "size": 0.1, "color_name": 116, "color_r": 255, "color_g": 0, "color_b": 0, "shape": 0, "width": 1024}, {"x": 0.8478081250644955, "y": 0.38122651255440815, "size": 0.1, "color_name": 82, "color_r": 128, "color_g": 0, "color_b": 0, "shape": 0, "width": 1024}], [{"x": 0.24893513007657853, "y": 0.29675561400332395, "size": 0.1, "color_name": 116, "color_r": 255, "color_g": 0, "color_b": 0, "shape": 0, "width": 1024}, {"x": 0.3216197266887635, "y": 0.36079640888109243, "size": 0.1, "color_name": 110, "color_r": 205, "color_g": 133, "color_b": 63, "shape": 0, "width": 1024}, {"x": 0.7320563945363374, "y": 0.6880549867063135, "size": 0.1, "color_name": 116, "color_r": 255, "color_g": 0, "color_b": 0, "shape": 0, "width": 1024}, {"x": 0.6122545654945386, "y": 0.7303975394138743, "size": 0.1, "color_name": 84, "color_r": 0, "color_g": 0, "color_b": 205, "shape": 0, "width": 1024}, {"x": 0.8508644704531023, "y": 0.35038218153476963, "size": 0.1, "color_name": 116, "color_r": 255, "color_g": 0, "color_b": 0, "shape": 0, "width": 1024}, {"x": 0.857901148771103, "y": 0.24400134297305698, "size": 0.1, "color_name": 24, "color_r": 169, "color_g": 169, "color_b": 169, "shape": 0, "width": 1024}, {"x": 0.71478637822599, "y": 0.33900458078625423, "size": 0.1, "color_name": 96, "color_r": 255, "color_g": 222, "color_b": 173, "shape": 0, "width": 1024}], [{"x": 0.3487068670258538, "y": 0.37492934351859125, "size": 0.09000000000000001, "color_name": 116, "color_r": 255, "color_g": 0, "color_b": 0, "shape": 0, "width": 1024}, {"x": 0.21605108444411508, "y": 0.2750561788731416, "size": 0.09000000000000001, "color_name": 123, "color_r": 255, "color_g": 245, "color_b": 238, "shape": 0, "width": 1024}, {"x": 0.7079311074070717, "y": 0.6980787700988701, "size": 0.09000000000000001, "color_name": 116, "color_r": 255, "color_g": 0, "color_b": 0, "shape": 0, "width": 1024}, {"x": 0.6993073475112841, "y": 0.6115391677084102, "size": 0.09000000000000001, "color_name": 133, "color_r": 210, "color_g": 180, "color_b": 140, "shape": 0, "width": 1024}, {"x": 0.7379969426066371, "y": 0.7638682515957473, "size": 0.09000000000000001, "color_name": 83, "color_r": 102, "color_g": 205, "color_b": 170, "shape": 0, "width": 1024}], [{"x": 0.2176217520687587, "y": 0.30095841288891867, "size": 0.1, "color_name": 116, "color_r": 255, "color_g": 0, "color_b": 0, "shape": 0, "width": 1024}, {"x": 0.3778634138211668, "y": 0.3486966513849467, "size": 0.1, "color_name": 26, "color_r": 139, "color_g": 0, "color_b": 139, "shape": 0, "width": 1024}, {"x": 0.6600694718789317, "y": 0.6627354687289833, "size": 0.1, "color_name": 116, "color_r": 255, "color_g": 0, "color_b": 0, "shape": 0, "width": 1024}, {"x": 0.6229625727867326, "y": 0.7369428868543862, "size": 0.1, "color_name": 17, "color_r": 255, "color_g": 248, "color_b": 220, "shape": 0, "width": 1024}, {"x": 0.8120433776392755, "y": 0.3645043709344258, "size": 0.1, "color_name": 116, "color_r": 255, "color_g": 0, "color_b": 0, "shape": 0, "width": 1024}, {"x": 0.7995109874482753, "y": 0.20698242516987597, "size": 0.1, "color_name": 126, "color_r": 135, "color_g": 206, "color_b": 235, "shape": 0, "width": 1024}], [{"x": 0.24078565380949835, "y": 0.35545710019860904, "size": 0.1, "color_name": 116, "color_r": 255, "color_g": 0, "color_b": 0, "shape": 0, "width": 1024}, {"x": 0.3179057027140118, "y": 0.3539439017492247, "size": 0.1, "color_name": 106, "color_r": 175, "color_g": 238, "color_b": 238, "shape": 0, "width": 1024}, {"x": 0.7640709927083815, "y": 0.7662179212153528, "size": 0.1, "color_name": 116, "color_r": 255, "color_g": 0, "color_b": 0, "shape": 0, "width": 1024}, {"x": 0.7006769853724892, "y": 0.7252201920410388, "size": 0.1, "color_name": 100, "color_r": 107, "color_g": 142, "color_b": 35, "shape": 0, "width": 1024}, {"x": 0.8139042211547249, "y": 0.33671979888379117, "size": 0.1, "color_name": 116, "color_r": 255, "color_g": 0, "color_b": 0, "shape": 0, "width": 1024}, {"x": 0.7453176943436698, "y": 0.26143036387322005, "size": 0.1, "color_name": 138, "color_r": 238, "color_g": 130, "color_b": 238, "shape": 0, "width": 1024}], [{"x": 0.31869377204267346, "y": 0.3014466741697402, "size": 0.1, "color_name": 116, "color_r": 255, "color_g": 0, "color_b": 0, "shape": 0, "width": 1024}, {"x": 0.2651622456227989, "y": 0.36164342581053865, "size": 0.1, "color_name": 33, "color_r": 72, "color_g": 61, "color_b": 139, "shape": 0, "width": 1024}, {"x": 0.7923804636435525, "y": 0.7344598107609192, "size": 0.1, "color_name": 116, "color_r": 255, "color_g": 0, "color_b": 0, "shape": 0, "width": 1024}, {"x": 0.6942611336526634, "y": 0.7391712069890085, "size": 0.1, "color_name": 4, "color_r": 240, "color_g": 255, "color_b": 255, "shape": 0, "width": 1024}, {"x": 0.861119917683668, "y": 0.2625434154718011, "size": 0.1, "color_name": 116, "color_r": 255, "color_g": 0, "color_b": 0, "shape": 0, "width": 1024}, {"x": 0.8009985057238783, "y": 0.34189350712878724, "size": 0.1, "color_name": 127, "color_r": 106, "color_g": 90, "color_b": 205, "shape": 0, "width": 1024}], [{"x": 0.3473884582583073, "y": 0.2621670457886612, "size": 0.1, "color_name": 116, "color_r": 255, "color_g": 0, "color_b": 0, "shape": 0, "width": 1024}, {"x": 0.39052571672227665, "y": 0.3334119782008943, "size": 0.1, "color_name": 40, "color_r": 105, "color_g": 105, "color_b": 105, "shape": 0, "width": 1024}, {"x": 0.6265227599389268, "y": 0.7302426446223012, "size": 0.1, "color_name": 116, "color_r": 255, "color_g": 0, "color_b": 0, "shape": 0, "width": 1024}, {"x": 0.6778272480558878, "y": 0.6883320992493018, "size": 0.1, "color_name": 90, "color_r": 72, "color_g": 209, "color_b": 204, "shape": 0, "width": 1024}, {"x": 0.7966856074292981, "y": 0.26817081503273765, "size": 0.1, "color_name": 116, "color_r": 255, "color_g": 0, "color_b": 0, "shape": 0, "width": 1024}, {"x": 0.8797641641531909, "y": 0.3592511221800548, "size": 0.1, "color_name": 31, "color_r": 233, "color_g": 150, "color_b": 122, "shape": 0, "width": 1024}], [{"x": 0.3746823352880761, "y": 0.2415531098263885, "size": 0.1, "color_name": 116, "color_r": 255, "color_g": 0, "color_b": 0, "shape": 0, "width": 1024}, {"x": 0.3139580320246187, "y": 0.3404542240983318, "size": 0.1, "color_name": 35, "color_r": 0, "color_g": 206, "color_b": 209, "shape": 0, "width": 1024}, {"x": 0.22143813598900342, "y": 0.31656434986101956, "size": 0.1, "color_name": 13, "color_r": 127, "color_g": 255, "color_b": 0, "shape": 0, "width": 1024}, {"x": 0.7784874282006946, "y": 0.6943596531867043, "size": 0.1, "color_name": 116, "color_r": 255, "color_g": 0, "color_b": 0, "shape": 0, "width": 1024}, {"x": 0.6541305449927322, "y": 0.6186797286326275, "size": 0.1, "color_name": 41, "color_r": 30, "color_g": 144, "color_b": 255, "shape": 0, "width": 1024}], [{"x": 0.306872009107913, "y": 0.3035772864483408, "size": 0.1, "color_name": 116, "color_r": 255, "color_g": 0, "color_b": 0, "shape": 0, "width": 1024}, {"x": 0.24571897912762614, "y": 0.24855319979219923, "size": 0.1, "color_name": 34, "color_r": 47, "color_g": 79, "color_b": 79, "shape": 0, "width": 1024}, {"x": 0.6929717883467095, "y": 0.6100441816785274, "size": 0.1, "color_name": 19, "color_r": 0, "color_g": 255, "color_b": 255, "shape": 0, "width": 1024}, {"x": 0.7605398510574449, "y": 0.7538930658577243, "size": 0.1, "color_name": 62, "color_r": 124, "color_g": 252, "color_b": 0, "shape": 0, "width": 1024}, {"x": 0.6747552094752922, "y": 0.744692256833745, "size": 0.1, "color_name": 111, "color_r": 255, "color_g": 192, "color_b": 203, "shape": 0, "width": 1024}], [{"x": 0.28800386318577836, "y": 0.3399000316505187, "size": 0.1, "color_name": 116, "color_r": 255, "color_g": 0, "color_b": 0, "shape": 0, "width": 1024}, {"x": 0.33732830669053754, "y": 0.239029560943818, "size": 0.1, "color_name": 3, "color_r": 127, "color_g": 255, "color_b": 212, "shape": 0, "width": 1024}, {"x": 0.7593660015918957, "y": 0.6270264647162347, "size": 0.1, "color_name": 116, "color_r": 255, "color_g": 0, "color_b": 0, "shape": 0, "width": 1024}, {"x": 0.6540206734935999, "y": 0.7464822558514305, "size": 0.1, "color_name": 76, "color_r": 176, "color_g": 196, "color_b": 222, "shape": 0, "width": 1024}, {"x": 0.8281615459584669, "y": 0.2220924494337155, "size": 0.1, "color_name": 90, "color_r": 72, "color_g": 209, "color_b": 204, "shape": 0, "width": 1024}, {"x": 0.764490218371954, "y": 0.3074506314378615, "size": 0.1, "color_name": 133, "color_r": 210, "color_g": 180, "color_b": 140, "shape": 0, "width": 1024}], [{"x": 0.3984929202041926, "y": 0.297957507337843, "size": 0.1, "color_name": 116, "color_r": 255, "color_g": 0, "color_b": 0, "shape": 0, "width": 1024}, {"x": 0.2054242720105277, "y": 0.32422701740165866, "size": 0.1, "color_name": 49, "color_r": 218, "color_g": 165, "color_b": 32, "shape": 0, "width": 1024}, {"x": 0.3205441175580546, "y": 0.3877269694847365, "size": 0.1, "color_name": 119, "color_r": 139, "color_g": 69, "color_b": 19, "shape": 0, "width": 1024}, {"x": 0.6897704782586335, "y": 0.6277214254518585, "size": 0.1, "color_name": 116, "color_r": 255, "color_g": 0, "color_b": 0, "shape": 0, "width": 1024}, {"x": 0.6642870886673989, "y": 0.6854497655511026, "size": 0.1, "color_name": 63, "color_r": 255, "color_g": 250, "color_b": 205, "shape": 0, "width": 1024}, {"x": 0.6507632964754363, "y": 0.7762342538381054, "size": 0.1, "color_name": 19, "color_r": 0, "color_g": 255, "color_b": 255, "shape": 0, "width": 1024}, {"x": 0.7457945723010992, "y": 0.30283147480605827, "size": 0.1, "color_name": 92, "color_r": 25, "color_g": 25, "color_b": 112, "shape": 0, "width": 1024}, {"x": 0.8624456719729374, "y": 0.37486225582300164, "size": 0.1, "color_name": 127, "color_r": 106, "color_g": 90, "color_b": 205, "shape": 0, "width": 1024}], [{"x": 0.34532838768803764, "y": 0.23192417662601578, "size": 0.1, "color_name": 116, "color_r": 255, "color_g": 0, "color_b": 0, "shape": 0, "width": 1024}, {"x": 0.36106647692583266, "y": 0.3072464581521928, "size": 0.1, "color_name": 124, "color_r": 160, "color_g": 82, "color_b": 45, "shape": 0, "width": 1024}, {"x": 0.6452637629324423, "y": 0.7594424237144366, "size": 0.1, "color_name": 116, "color_r": 255, "color_g": 0, "color_b": 0, "shape": 0, "width": 1024}, {"x": 0.7020002200755621, "y": 0.6034359647835705, "size": 0.1, "color_name": 120, "color_r": 250, "color_g": 128, "color_b": 114, "shape": 0, "width": 1024}, {"x": 0.7787301919359035, "y": 0.7198913022139246, "size": 0.1, "color_name": 59, "color_r": 240, "color_g": 230, "color_b": 140, "shape": 0, "width": 1024}, {"x": 0.8638088417691903, "y": 0.2450043032393832, "size": 0.1, "color_name": 63, "color_r": 255, "color_g": 250, "color_b": 205, "shape": 0, "width": 1024}, {"x": 0.7267567308454004, "y": 0.2938895612416017, "size": 0.1, "color_name": 16, "color_r": 100, "color_g": 149, "color_b": 237, "shape": 0, "width": 1024}], [{"x": 0.2792302445155707, "y": 0.3870833698239172, "size": 0.1, "color_name": 116, "color_r": 255, "color_g": 0, "color_b": 0, "shape": 0, "width": 1024}, {"x": 0.31836884847875835, "y": 0.30970755854406495, "size": 0.1, "color_name": 114, "color_r": 128, "color_g": 0, "color_b": 128, "shape": 0, "width": 1024}, {"x": 0.776696955933335, "y": 0.7612352971275604, "size": 0.1, "color_name": 109, "color_r": 255, "color_g": 218, "color_b": 185, "shape": 0, "width": 1024}, {"x": 0.7113352860015882, "y": 0.728125742139275, "size": 0.1, "color_name": 34, "color_r": 47, "color_g": 79, "color_b": 79, "shape": 0, "width": 1024}, {"x": 0.7431645916646471, "y": 0.6374573450194745, "size": 0.1, "color_name": 71, "color_r": 255, "color_g": 182, "color_b": 193, "shape": 0, "width": 1024}], [{"x": 0.31917138210155005, "y": 0.3667912933383151, "size": 0.1, "color_name": 116, "color_r": 255, "color_g": 0, "color_b": 0, "shape": 0, "width": 1024}, {"x": 0.3061930770477856, "y": 0.24067728860120086, "size": 0.1, "color_name": 132, "color_r": 70, "color_g": 130, "color_b": 180, "shape": 0, "width": 1024}, {"x": 0.7569336454604358, "y": 0.6711059620904802, "size": 0.1, "color_name": 106, "color_r": 175, "color_g": 238, "color_b": 238, "shape": 0, "width": 1024}, {"x": 0.6749091360008352, "y": 0.7592425798737706, "size": 0.1, "color_name": 118, "color_r": 65, "color_g": 105, "color_b": 225, "shape": 0, "width": 1024}], [{"x": 0.29430090197021347, "y": 0.27778551597029866, "size": 0.1, "color_name": 116, "color_r": 255, "color_g": 0, "color_b": 0, "shape": 0, "width": 1024}, {"x": 0.3515228782438552, "y": 0.3354030756746347, "size": 0.1, "color_name": 112, "color_r": 221, "color_g": 160, "color_b": 221, "shape": 0, "width": 1024}, {"x": 0.6401239916356473, "y": 0.7028513139567046, "size": 0.1, "color_name": 116, "color_r": 255, "color_g": 0, "color_b": 0, "shape": 0, "width": 1024}, {"x": 0.79232122370372, "y": 0.6724788538430783, "size": 0.1, "color_name": 60, "color_r": 230, "color_g": 230, "color_b": 250, "shape": 0, "width": 1024}, {"x": 0.7252632117754158, "y": 0.25417161601252936, "size": 0.1, "color_name": 38, "color_r": 0, "color_g": 191, "color_b": 255, "shape": 0, "width": 1024}, {"x": 0.743974393585032, "y": 0.32532009102937565, "size": 0.1, "color_name": 0, "color_r": 240, "color_g": 248, "color_b": 255, "shape": 0, "width": 1024}], [{"x": 0.34088183179474923, "y": 0.26937503797673906, "size": 0.1, "color_name": 116, "color_r": 255, "color_g": 0, "color_b": 0, "shape": 0, "width": 1024}, {"x": 0.2858919563103408, "y": 0.23326184149523088, "size": 0.1, "color_name": 98, "color_r": 253, "color_g": 245, "color_b": 230, "shape": 0, "width": 1024}, {"x": 0.6221552948417365, "y": 0.6534894011716033, "size": 0.1, "color_name": 116, "color_r": 255, "color_g": 0, "color_b": 0, "shape": 0, "width": 1024}, {"x": 0.7013419412494066, "y": 0.7296317337281104, "size": 0.1, "color_name": 119, "color_r": 139, "color_g": 69, "color_b": 19, "shape": 0, "width": 1024}, {"x": 0.8844996128595838, "y": 0.261895783234806, "size": 0.1, "color_name": 4, "color_r": 240, "color_g": 255, "color_b": 255, "shape": 0, "width": 1024}, {"x": 0.8793669093850804, "y": 0.343326402350131, "size": 0.1, "color_name": 77, "color_r": 255, "color_g": 255, "color_b": 224, "shape": 0, "width": 1024}, {"x": 0.7171644791967983, "y": 0.2598796848195371, "size": 0.1, "color_name": 16, "color_r": 100, "color_g": 149, "color_b": 237, "shape": 0, "width": 1024}], [{"x": 0.29452995943193916, "y": 0.3689414764022614, "size": 0.1, "color_name": 116, "color_r": 255, "color_g": 0, "color_b": 0, "shape": 0, "width": 1024}, {"x": 0.37603123833859287, "y": 0.3320856843353338, "size": 0.1, "color_name": 52, "color_r": 173, "color_g": 255, "color_b": 47, "shape": 0, "width": 1024}, {"x": 0.6724350441464052, "y": 0.7537820763072233, "size": 0.1, "color_name": 116, "color_r": 255, "color_g": 0, "color_b": 0, "shape": 0, "width": 1024}, {"x": 0.7551665692909507, "y": 0.7292755487622431, "size": 0.1, "color_name": 124, "color_r": 160, "color_g": 82, "color_b": 45, "shape": 0, "width": 1024}, {"x": 0.6883169347963394, "y": 0.6620902479744832, "size": 0.1, "color_name": 35, "color_r": 0, "color_g": 206, "color_b": 209, "shape": 0, "width": 1024}, {"x": 0.8812001795294258, "y": 0.3373056722699518, "size": 0.1, "color_name": 127, "color_r": 106, "color_g": 90, "color_b": 205, "shape": 0, "width": 1024}, {"x": 0.8082446338252842, "y": 0.23642237669877397, "size": 0.1, "color_name": 94, "color_r": 255, "color_g": 228, "color_b": 225, "shape": 0, "width": 1024}, {"x": 0.7562205638602685, "y": 0.37776724893354663, "size": 0.1, "color_name": 74, "color_r": 135, "color_g": 206, "color_b": 250, "shape": 0, "width": 1024}], [{"x": 0.3015726271502665, "y": 0.3661477590893544, "size": 0.1, "color_name": 116, "color_r": 255, "color_g": 0, "color_b": 0, "shape": 0, "width": 1024}, {"x": 0.390408484024088, "y": 0.27626744523638647, "size": 0.1, "color_name": 0, "color_r": 240, "color_g": 248, "color_b": 255, "shape": 0, "width": 1024}, {"x": 0.7413645221150473, "y": 0.6827250902193404, "size": 0.1, "color_name": 98, "color_r": 253, "color_g": 245, "color_b": 230, "shape": 0, "width": 1024}, {"x": 0.6363141579249334, "y": 0.7494904374309003, "size": 0.1, "color_name": 46, "color_r": 220, "color_g": 220, "color_b": 220, "shape": 0, "width": 1024}]]}