{"principle": "symmetry", "img_data": [[{"x": 0.25955010719478544, "y": 0.5, "size": 0.1, "color_name": 4, "color_r": 240, "color_g": 255, "color_b": 255, "shape": 0, "width": 1024}, {"x": 0.7404498928052146, "y": 0.5, "size": 0.1, "color_name": 4, "color_r": 240, "color_g": 255, "color_b": 255, "shape": 0, "width": 1024}, {"x": 0.16050230031755686, "y": 0.6, "size": 0.1, "color_name": 13, "color_r": 127, "color_g": 255, "color_b": 0, "shape": 0, "width": 1024}, {"x": 0.8394976996824431, "y": 0.6, "size": 0.1, "color_name": 13, "color_r": 127, "color_g": 255, "color_b": 0, "shape": 0, "width": 1024}, {"x": 0.13388805093569722, "y": 0.4, "size": 0.1, "color_name": 23, "color_r": 0, "color_g": 100, "color_b": 0, "shape": 0, "width": 1024}, {"x": 0.8661119490643028, "y": 0.4, "size": 0.1, "color_name": 23, "color_r": 0, "color_g": 100, "color_b": 0, "shape": 0, "width": 1024}], [{"x": 0.2705903702869955, "y": 0.5, "size": 0.1, "color_name": 74, "color_r": 135, "color_g": 206, "color_b": 250, "shape": 0, "width": 1024}, {"x": 0.7294096297130045, "y": 0.5, "size": 0.1, "color_name": 74, "color_r": 135, "color_g": 206, "color_b": 250, "shape": 0, "width": 1024}, {"x": 0.34929742323981483, "y": 0.6, "size": 0.1, "color_name": 15, "color_r": 255, "color_g": 127, "color_b": 80, "shape": 0, "width": 1024}, {"x": 0.6507025767601852, "y": 0.6, "size": 0.1, "color_name": 15, "color_r": 255, "color_g": 127, "color_b": 80, "shape": 0, "width": 1024}, {"x": 0.14488738419409608, "y": 0.4, "size": 0.1, "color_name": 102, "color_r": 255, "color_g": 69, "color_b": 0, "shape": 0, "width": 1024}, {"x": 0.8551126158059039, "y": 0.4, "size": 0.1, "color_name": 102, "color_r": 255, "color_g": 69, "color_b": 0, "shape": 0, "width": 1024}, {"x": 0.35199375548937484, "y": 0.7, "size": 0.1, "color_name": 125, "color_r": 192, "color_g": 192, "color_b": 192, "shape": 0, "width": 1024}, {"x": 0.6480062445106252, "y": 0.7, "size": 0.1, "color_name": 125, "color_r": 192, "color_g": 192, "color_b": 192, "shape": 0, "width": 1024}, {"x": 0.29482307126191265, "y": 0.3, "size": 0.1, "color_name": 106, "color_r": 175, "color_g": 238, "color_b": 238, "shape": 0, "width": 1024}, {"x": 0.7051769287380873, "y": 0.3, "size": 0.1, "color_name": 106, "color_r": 175, "color_g": 238, "color_b": 238, "shape": 0, "width": 1024}], [{"x": 0.36718675389131306, "y": 0.5, "size": 0.1, "color_name": 102, "color_r": 255, "color_g": 69, "color_b": 0, "shape": 0, "width": 1024}, {"x": 0.6328132461086869, "y": 0.5, "size": 0.1, "color_name": 102, "color_r": 255, "color_g": 69, "color_b": 0, "shape": 0, "width": 1024}, {"x": 0.3605520589021695, "y": 0.6, "size": 0.1, "color_name": 47, "color_r": 248, "color_g": 248, "color_b": 255, "shape": 0, "width": 1024}, {"x": 0.6394479410978304, "y": 0.6, "size": 0.1, "color_name": 47, "color_r": 248, "color_g": 248, "color_b": 255, "shape": 0, "width": 1024}, {"x": 0.20582573050248454, "y": 0.4, "size": 0.1, "color_name": 104, "color_r": 238, "color_g": 232, "color_b": 170, "shape": 0, "width": 1024}, {"x": 0.7941742694975155, "y": 0.4, "size": 0.1, "color_name": 104, "color_r": 238, "color_g": 232, "color_b": 170, "shape": 0, "width": 1024}], [{"x": 0.22476921955332496, "y": 0.5, "size": 0.1, "color_name": 45, "color_r": 255, "color_g": 0, "color_b": 255, "shape": 0, "width": 1024}, {"x": 0.775230780446675, "y": 0.5, "size": 0.1, "color_name": 45, "color_r": 255, "color_g": 0, "color_b": 255, "shape": 0, "width": 1024}, {"x": 0.38516283952821867, "y": 0.6, "size": 0.1, "color_name": 5, "color_r": 245, "color_g": 245, "color_b": 220, "shape": 0, "width": 1024}, {"x": 0.6148371604717814, "y": 0.6, "size": 0.1, "color_name": 5, "color_r": 245, "color_g": 245, "color_b": 220, "shape": 0, "width": 1024}, {"x": 0.15023147394535352, "y": 0.4, "size": 0.1, "color_name": 112, "color_r": 221, "color_g": 160, "color_b": 221, "shape": 0, "width": 1024}, {"x": 0.8497685260546465, "y": 0.4, "size": 0.1, "color_name": 112, "color_r": 221, "color_g": 160, "color_b": 221, "shape": 0, "width": 1024}], [{"x": 0.18545032997600897, "y": 0.5, "size": 0.1, "color_name": 79, "color_r": 50, "color_g": 205, "color_b": 50, "shape": 0, "width": 1024}, {"x": 0.814549670023991, "y": 0.5, "size": 0.1, "color_name": 79, "color_r": 50, "color_g": 205, "color_b": 50, "shape": 0, "width": 1024}, {"x": 0.10978916320199517, "y": 0.6, "size": 0.1, "color_name": 89, "color_r": 0, "color_g": 250, "color_b": 154, "shape": 0, "width": 1024}, {"x": 0.8902108367980048, "y": 0.6, "size": 0.1, "color_name": 89, "color_r": 0, "color_g": 250, "color_b": 154, "shape": 0, "width": 1024}, {"x": 0.21956671572446074, "y": 0.4, "size": 0.1, "color_name": 27, "color_r": 85, "color_g": 107, "color_b": 47, "shape": 0, "width": 1024}, {"x": 0.7804332842755393, "y": 0.4, "size": 0.1, "color_name": 27, "color_r": 85, "color_g": 107, "color_b": 47, "shape": 0, "width": 1024}, {"x": 0.10751575738248731, "y": 0.7, "size": 0.1, "color_name": 101, "color_r": 255, "color_g": 165, "color_b": 0, "shape": 0, "width": 1024}, {"x": 0.8924842426175127, "y": 0.7, "size": 0.1, "color_name": 101, "color_r": 255, "color_g": 165, "color_b": 0, "shape": 0, "width": 1024}], [{"x": 0.11423625360621181, "y": 0.5, "size": 0.1, "color_name": 27, "color_r": 85, "color_g": 107, "color_b": 47, "shape": 0, "width": 1024}, {"x": 0.8857637463937882, "y": 0.5, "size": 0.1, "color_name": 27, "color_r": 85, "color_g": 107, "color_b": 47, "shape": 0, "width": 1024}, {"x": 0.12776332746486563, "y": 0.6, "size": 0.1, "color_name": 36, "color_r": 148, "color_g": 0, "color_b": 211, "shape": 0, "width": 1024}, {"x": 0.8722366725351344, "y": 0.6, "size": 0.1, "color_name": 36, "color_r": 148, "color_g": 0, "color_b": 211, "shape": 0, "width": 1024}, {"x": 0.20458250004743245, "y": 0.4, "size": 0.1, "color_name": 77, "color_r": 255, "color_g": 255, "color_b": 224, "shape": 0, "width": 1024}, {"x": 0.7954174999525676, "y": 0.4, "size": 0.1, "color_name": 77, "color_r": 255, "color_g": 255, "color_b": 224, "shape": 0, "width": 1024}, {"x": 0.22089688509928918, "y": 0.7, "size": 0.1, "color_name": 60, "color_r": 230, "color_g": 230, "color_b": 250, "shape": 0, "width": 1024}, {"x": 0.7791031149007108, "y": 0.7, "size": 0.1, "color_name": 60, "color_r": 230, "color_g": 230, "color_b": 250, "shape": 0, "width": 1024}], [{"x": 0.21771814833405972, "y": 0.5, "size": 0.1, "color_name": 2, "color_r": 0, "color_g": 255, "color_b": 255, "shape": 0, "width": 1024}, {"x": 0.7822818516659402, "y": 0.5, "size": 0.1, "color_name": 2, "color_r": 0, "color_g": 255, "color_b": 255, "shape": 0, "width": 1024}, {"x": 0.3134848277938685, "y": 0.6, "size": 0.1, "color_name": 127, "color_r": 106, "color_g": 90, "color_b": 205, "shape": 0, "width": 1024}, {"x": 0.6865151722061316, "y": 0.6, "size": 0.1, "color_name": 127, "color_r": 106, "color_g": 90, "color_b": 205, "shape": 0, "width": 1024}, {"x": 0.2140411572492078, "y": 0.4, "size": 0.1, "color_name": 15, "color_r": 255, "color_g": 127, "color_b": 80, "shape": 0, "width": 1024}, {"x": 0.7859588427507922, "y": 0.4, "size": 0.1, "color_name": 15, "color_r": 255, "color_g": 127, "color_b": 80, "shape": 0, "width": 1024}, {"x": 0.1056206858209171, "y": 0.7, "size": 0.1, "color_name": 89, "color_r": 0, "color_g": 250, "color_b": 154, "shape": 0, "width": 1024}, {"x": 0.8943793141790829, "y": 0.7, "size": 0.1, "color_name": 89, "color_r": 0, "color_g": 250, "color_b": 154, "shape": 0, "width": 1024}, {"x": 0.36790574270981524, "y": 0.3, "size": 0.1, "color_name": 89, "color_r": 0, "color_g": 250, "color_b": 154, "shape": 0, "width": 1024}, {"x": 0.6320942572901848, "y": 0.3, "size": 0.1, "color_name": 89, "color_r": 0, "color_g": 250, "color_b": 154, "shape": 0, "width": 1024}], [{"x": 0.12965338430967988, "y": 0.5, "size": 0.1, "color_name": 27, "color_r": 85, "color_g": 107, "color_b": 47, "shape": 0, "width": 1024}, {"x": 0.8703466156903201, "y": 0.5, "size": 0.1, "color_name": 27, "color_r": 85, "color_g": 107, "color_b": 47, "shape": 0, "width": 1024}, {"x": 0.33107997174212545, "y": 0.6, "size": 0.1, "color_name": 54, "color_r": 240, "color_g": 255, "color_b": 240, "shape": 0, "width": 1024}, {"x": 0.6689200282578746, "y": 0.6, "size": 0.1, "color_name": 54, "color_r": 240, "color_g": 255, "color_b": 240, "shape": 0, "width": 1024}, {"x": 0.10117619603431294, "y": 0.4, "size": 0.1, "color_name": 3, "color_r": 127, "color_g": 255, "color_b": 212, "shape": 0, "width": 1024}, {"x": 0.8988238039656871, "y": 0.4, "size": 0.1, "color_name": 3, "color_r": 127, "color_g": 255, "color_b": 212, "shape": 0, "width": 1024}, {"x": 0.20942027568828359, "y": 0.7, "size": 0.1, "color_name": 58, "color_r": 255, "color_g": 255, "color_b": 240, "shape": 0, "width": 1024}, {"x": 0.7905797243117164, "y": 0.7, "size": 0.1, "color_name": 58, "color_r": 255, "color_g": 255, "color_b": 240, "shape": 0, "width": 1024}], [{"x": 0.39183435101725067, "y": 0.5, "size": 0.1, "color_name": 9, "color_r": 138, "color_g": 43, "color_b": 226, "shape": 0, "width": 1024}, {"x": 0.6081656489827493, "y": 0.5, "size": 0.1, "color_name": 9, "color_r": 138, "color_g": 43, "color_b": 226, "shape": 0, "width": 1024}, {"x": 0.23192572204236084, "y": 0.6, "size": 0.1, "color_name": 100, "color_r": 107, "color_g": 142, "color_b": 35, "shape": 0, "width": 1024}, {"x": 0.7680742779576392, "y": 0.6, "size": 0.1, "color_name": 100, "color_r": 107, "color_g": 142, "color_b": 35, "shape": 0, "width": 1024}, {"x": 0.14274066746454062, "y": 0.4, "size": 0.1, "color_name": 8, "color_r": 0, "color_g": 0, "color_b": 255, "shape": 0, "width": 1024}, {"x": 0.8572593325354594, "y": 0.4, "size": 0.1, "color_name": 8, "color_r": 0, "color_g": 0, "color_b": 255, "shape": 0, "width": 1024}, {"x": 0.37169956272985133, "y": 0.7, "size": 0.1, "color_name": 69, "color_r": 144, "color_g": 238, "color_b": 144, "shape": 0, "width": 1024}, {"x": 0.6283004372701486, "y": 0.7, "size": 0.1, "color_name": 69, "color_r": 144, "color_g": 238, "color_b": 144, "shape": 0, "width": 1024}], [{"x": 0.33192937715500387, "y": 0.5, "size": 0.1, "color_name": 22, "color_r": 184, "color_g": 134, "color_b": 11, "shape": 0, "width": 1024}, {"x": 0.6680706228449962, "y": 0.5, "size": 0.1, "color_name": 22, "color_r": 184, "color_g": 134, "color_b": 11, "shape": 0, "width": 1024}, {"x": 0.18304828245427507, "y": 0.6, "size": 0.1, "color_name": 91, "color_r": 199, "color_g": 21, "color_b": 133, "shape": 0, "width": 1024}, {"x": 0.8169517175457249, "y": 0.6, "size": 0.1, "color_name": 91, "color_r": 199, "color_g": 21, "color_b": 133, "shape": 0, "width": 1024}, {"x": 0.34498033767855996, "y": 0.4, "size": 0.1, "color_name": 47, "color_r": 248, "color_g": 248, "color_b": 255, "shape": 0, "width": 1024}, {"x": 0.65501966232144, "y": 0.4, "size": 0.1, "color_name": 47, "color_r": 248, "color_g": 248, "color_b": 255, "shape": 0, "width": 1024}, {"x": 0.33087404874366105, "y": 0.7, "size": 0.1, "color_name": 101, "color_r": 255, "color_g": 165, "color_b": 0, "shape": 0, "width": 1024}, {"x": 0.669125951256339, "y": 0.7, "size": 0.1, "color_name": 101, "color_r": 255, "color_g": 165, "color_b": 0, "shape": 0, "width": 1024}], [{"x": 0.1559455479482632, "y": 0.5, "size": 0.1, "color_name": 77, "color_r": 255, "color_g": 255, "color_b": 224, "shape": 0, "width": 1024}, {"x": 0.8440544520517368, "y": 0.5, "size": 0.1, "color_name": 137, "color_r": 64, "color_g": 224, "color_b": 208, "shape": 0, "width": 1024}, {"x": 0.2833623590300772, "y": 0.6, "size": 0.1, "color_name": 137, "color_r": 64, "color_g": 224, "color_b": 208, "shape": 0, "width": 1024}, {"x": 0.7166376409699228, "y": 0.6, "size": 0.1, "color_name": 109, "color_r": 255, "color_g": 218, "color_b": 185, "shape": 0, "width": 1024}, {"x": 0.1153528919654303, "y": 0.4, "size": 0.1, "color_name": 3, "color_r": 127, "color_g": 255, "color_b": 212, "shape": 0, "width": 1024}, {"x": 0.8846471080345697, "y": 0.4, "size": 0.1, "color_name": 56, "color_r": 205, "color_g": 92, "color_b": 92, "shape": 0, "width": 1024}], [{"x": 0.3018344575871741, "y": 0.5, "size": 0.1, "color_name": 16, "color_r": 100, "color_g": 149, "color_b": 237, "shape": 0, "width": 1024}, {"x": 0.6981655424128259, "y": 0.5, "size": 0.1, "color_name": 67, "color_r": 250, "color_g": 250, "color_b": 210, "shape": 0, "width": 1024}, {"x": 0.3729431420247663, "y": 0.6, "size": 0.1, "color_name": 81, "color_r": 255, "color_g": 0, "color_b": 255, "shape": 0, "width": 1024}, {"x": 0.6270568579752337, "y": 0.6, "size": 0.1, "color_name": 67, "color_r": 250, "color_g": 250, "color_b": 210, "shape": 0, "width": 1024}, {"x": 0.3863491886026918, "y": 0.4, "size": 0.1, "color_name": 7, "color_r": 255, "color_g": 235, "color_b": 205, "shape": 0, "width": 1024}, {"x": 0.6136508113973083, "y": 0.4, "size": 0.1, "color_name": 46, "color_r": 220, "color_g": 220, "color_b": 220, "shape": 0, "width": 1024}, {"x": 0.2101707673391373, "y": 0.7, "size": 0.1, "color_name": 3, "color_r": 127, "color_g": 255, "color_b": 212, "shape": 0, "width": 1024}, {"x": 0.7898292326608627, "y": 0.7, "size": 0.1, "color_name": 94, "color_r": 255, "color_g": 228, "color_b": 225, "shape": 0, "width": 1024}], [{"x": 0.16594026048693095, "y": 0.5, "size": 0.1, "color_name": 32, "color_r": 143, "color_g": 188, "color_b": 143, "shape": 0, "width": 1024}, {"x": 0.8340597395130691, "y": 0.5, "size": 0.1, "color_name": 78, "color_r": 0, "color_g": 255, "color_b": 0, "shape": 0, "width": 1024}, {"x": 0.31329175956295346, "y": 0.6, "size": 0.1, "color_name": 38, "color_r": 0, "color_g": 191, "color_b": 255, "shape": 0, "width": 1024}, {"x": 0.6867082404370466, "y": 0.6, "size": 0.1, "color_name": 87, "color_r": 60, "color_g": 179, "color_b": 113, "shape": 0, "width": 1024}, {"x": 0.2812785771071411, "y": 0.4, "size": 0.1, "color_name": 71, "color_r": 255, "color_g": 182, "color_b": 193, "shape": 0, "width": 1024}, {"x": 0.7187214228928589, "y": 0.4, "size": 0.1, "color_name": 130, "color_r": 255, "color_g": 250, "color_b": 250, "shape": 0, "width": 1024}, {"x": 0.34765049097067796, "y": 0.7, "size": 0.1, "color_name": 94, "color_r": 255, "color_g": 228, "color_b": 225, "shape": 0, "width": 1024}, {"x": 0.6523495090293221, "y": 0.7, "size": 0.1, "color_name": 124, "color_r": 160, "color_g": 82, "color_b": 45, "shape": 0, "width": 1024}], [{"x": 0.37295753979457835, "y": 0.5, "size": 0.1, "color_name": 106, "color_r": 175, "color_g": 238, "color_b": 238, "shape": 0, "width": 1024}, {"x": 0.6270424602054216, "y": 0.5, "size": 0.1, "color_name": 59, "color_r": 240, "color_g": 230, "color_b": 140, "shape": 0, "width": 1024}, {"x": 0.12102503239819085, "y": 0.6, "size": 0.1, "color_name": 9, "color_r": 138, "color_g": 43, "color_b": 226, "shape": 0, "width": 1024}, {"x": 0.8789749676018092, "y": 0.6, "size": 0.1, "color_name": 8, "color_r": 0, "color_g": 0, "color_b": 255, "shape": 0, "width": 1024}, {"x": 0.13168915707368234, "y": 0.4, "size": 0.1, "color_name": 2, "color_r": 0, "color_g": 255, "color_b": 255, "shape": 0, "width": 1024}, {"x": 0.8683108429263177, "y": 0.4, "size": 0.1, "color_name": 81, "color_r": 255, "color_g": 0, "color_b": 255, "shape": 0, "width": 1024}, {"x": 0.3104911285993258, "y": 0.7, "size": 0.1, "color_name": 38, "color_r": 0, "color_g": 191, "color_b": 255, "shape": 0, "width": 1024}, {"x": 0.6895088714006742, "y": 0.7, "size": 0.1, "color_name": 43, "color_r": 255, "color_g": 250, "color_b": 240, "shape": 0, "width": 1024}], [{"x": 0.3365017710624699, "y": 0.5, "size": 0.1, "color_name": 79, "color_r": 50, "color_g": 205, "color_b": 50, "shape": 0, "width": 1024}, {"x": 0.6634982289375301, "y": 0.5, "size": 0.1, "color_name": 23, "color_r": 0, "color_g": 100, "color_b": 0, "shape": 0, "width": 1024}, {"x": 0.2525050754673347, "y": 0.6, "size": 0.1, "color_name": 134, "color_r": 0, "color_g": 128, "color_b": 128, "shape": 0, "width": 1024}, {"x": 0.7474949245326653, "y": 0.6, "size": 0.1, "color_name": 37, "color_r": 255, "color_g": 20, "color_b": 147, "shape": 0, "width": 1024}, {"x": 0.2050789055802117, "y": 0.4, "size": 0.1, "color_name": 120, "color_r": 250, "color_g": 128, "color_b": 114, "shape": 0, "width": 1024}, {"x": 0.7949210944197883, "y": 0.4, "size": 0.1, "color_name": 93, "color_r": 245, "color_g": 255, "color_b": 250, "shape": 0, "width": 1024}, {"x": 0.19560839115046486, "y": 0.7, "size": 0.1, "color_name": 107, "color_r": 219, "color_g": 112, "color_b": 147, "shape": 0, "width": 1024}, {"x": 0.8043916088495351, "y": 0.7, "size": 0.1, "color_name": 134, "color_r": 0, "color_g": 128, "color_b": 128, "shape": 0, "width": 1024}], [{"x": 0.3899075308596348, "y": 0.5, "size": 0.1, "color_name": 74, "color_r": 135, "color_g": 206, "color_b": 250, "shape": 0, "width": 1024}, {"x": 0.6100924691403652, "y": 0.5, "size": 0.1, "color_name": 94, "color_r": 255, "color_g": 228, "color_b": 225, "shape": 0, "width": 1024}, {"x": 0.21237954950115978, "y": 0.6, "size": 0.1, "color_name": 134, "color_r": 0, "color_g": 128, "color_b": 128, "shape": 0, "width": 1024}, {"x": 0.7876204504988402, "y": 0.6, "size": 0.1, "color_name": 82, "color_r": 128, "color_g": 0, "color_b": 0, "shape": 0, "width": 1024}, {"x": 0.16469071443067618, "y": 0.4, "size": 0.1, "color_name": 31, "color_r": 233, "color_g": 150, "color_b": 122, "shape": 0, "width": 1024}, {"x": 0.8353092855693238, "y": 0.4, "size": 0.1, "color_name": 78, "color_r": 0, "color_g": 255, "color_b": 0, "shape": 0, "width": 1024}], [{"x": 0.10350879059256213, "y": 0.5, "size": 0.1, "color_name": 14, "color_r": 210, "color_g": 105, "color_b": 30, "shape": 0, "width": 1024}, {"x": 0.8964912094074379, "y": 0.5, "size": 0.1, "color_name": 39, "color_r": 105, "color_g": 105, "color_b": 105, "shape": 0, "width": 1024}, {"x": 0.3607877515431116, "y": 0.6, "size": 0.1, "color_name": 2, "color_r": 0, "color_g": 255, "color_b": 255, "shape": 0, "width": 1024}, {"x": 0.6392122484568884, "y": 0.6, "size": 0.1, "color_name": 75, "color_r": 119, "color_g": 136, "color_b": 153, "shape": 0, "width": 1024}, {"x": 0.13549421906395775, "y": 0.4, "size": 0.1, "color_name": 101, "color_r": 255, "color_g": 165, "color_b": 0, "shape": 0, "width": 1024}, {"x": 0.8645057809360422, "y": 0.4, "size": 0.1, "color_name": 54, "color_r": 240, "color_g": 255, "color_b": 240, "shape": 0, "width": 1024}, {"x": 0.22024612479637667, "y": 0.7, "size": 0.1, "color_name": 64, "color_r": 173, "color_g": 216, "color_b": 230, "shape": 0, "width": 1024}, {"x": 0.7797538752036233, "y": 0.7, "size": 0.1, "color_name": 139, "color_r": 245, "color_g": 222, "color_b": 179, "shape": 0, "width": 1024}, {"x": 0.13565502175522337, "y": 0.3, "size": 0.1, "color_name": 28, "color_r": 255, "color_g": 140, "color_b": 0, "shape": 0, "width": 1024}, {"x": 0.8643449782447766, "y": 0.3, "size": 0.1, "color_name": 69, "color_r": 144, "color_g": 238, "color_b": 144, "shape": 0, "width": 1024}], [{"x": 0.2831734097171915, "y": 0.5, "size": 0.1, "color_name": 33, "color_r": 72, "color_g": 61, "color_b": 139, "shape": 0, "width": 1024}, {"x": 0.7168265902828085, "y": 0.5, "size": 0.1, "color_name": 139, "color_r": 245, "color_g": 222, "color_b": 179, "shape": 0, "width": 1024}, {"x": 0.177735095683056, "y": 0.6, "size": 0.1, "color_name": 5, "color_r": 245, "color_g": 245, "color_b": 220, "shape": 0, "width": 1024}, {"x": 0.822264904316944, "y": 0.6, "size": 0.1, "color_name": 104, "color_r": 238, "color_g": 232, "color_b": 170, "shape": 0, "width": 1024}, {"x": 0.3613242006522723, "y": 0.4, "size": 0.1, "color_name": 99, "color_r": 128, "color_g": 128, "color_b": 0, "shape": 0, "width": 1024}, {"x": 0.6386757993477277, "y": 0.4, "size": 0.1, "color_name": 40, "color_r": 105, "color_g": 105, "color_b": 105, "shape": 0, "width": 1024}, {"x": 0.18996495741968034, "y": 0.7, "size": 0.1, "color_name": 58, "color_r": 255, "color_g": 255, "color_b": 240, "shape": 0, "width": 1024}, {"x": 0.8100350425803197, "y": 0.7, "size": 0.1, "color_name": 7, "color_r": 255, "color_g": 235, "color_b": 205, "shape": 0, "width": 1024}], [{"x": 0.31638768565184416, "y": 0.5, "size": 0.1, "color_name": 83, "color_r": 102, "color_g": 205, "color_b": 170, "shape": 0, "width": 1024}, {"x": 0.6836123143481558, "y": 0.5, "size": 0.1, "color_name": 73, "color_r": 32, "color_g": 178, "color_b": 170, "shape": 0, "width": 1024}, {"x": 0.27651186081979917, "y": 0.6, "size": 0.1, "color_name": 75, "color_r": 119, "color_g": 136, "color_b": 153, "shape": 0, "width": 1024}, {"x": 0.7234881391802008, "y": 0.6, "size": 0.1, "color_name": 25, "color_r": 189, "color_g": 183, "color_b": 107, "shape": 0, "width": 1024}, {"x": 0.39641868967869287, "y": 0.4, "size": 0.1, "color_name": 115, "color_r": 102, "color_g": 51, "color_b": 153, "shape": 0, "width": 1024}, {"x": 0.6035813103213071, "y": 0.4, "size": 0.1, "color_name": 58, "color_r": 255, "color_g": 255, "color_b": 240, "shape": 0, "width": 1024}, {"x": 0.3769866861035691, "y": 0.7, "size": 0.1, "color_name": 8, "color_r": 0, "color_g": 0, "color_b": 255, "shape": 0, "width": 1024}, {"x": 0.6230133138964309, "y": 0.7, "size": 0.1, "color_name": 134, "color_r": 0, "color_g": 128, "color_b": 128, "shape": 0, "width": 1024}, {"x": 0.16951062720928378, "y": 0.3, "size": 0.1, "color_name": 84, "color_r": 0, "color_g": 0, "color_b": 205, "shape": 0, "width": 1024}, {"x": 0.8304893727907162, "y": 0.3, "size": 0.1, "color_name": 3, "color_r": 127, "color_g": 255, "color_b": 212, "shape": 0, "width": 1024}], [{"x": 0.1273574750425297, "y": 0.5, "size": 0.1, "color_name": 11, "color_r": 222, "color_g": 184, "color_b": 135, "shape": 0, "width": 1024}, {"x": 0.8726425249574703, "y": 0.5, "size": 0.1, "color_name": 71, "color_r": 255, "color_g": 182, "color_b": 193, "shape": 0, "width": 1024}, {"x": 0.14177233771372155, "y": 0.6, "size": 0.1, "color_name": 131, "color_r": 0, "color_g": 255, "color_b": 127, "shape": 0, "width": 1024}, {"x": 0.8582276622862784, "y": 0.6, "size": 0.1, "color_name": 72, "color_r": 255, "color_g": 160, "color_b": 122, "shape": 0, "width": 1024}, {"x": 0.19696036008058926, "y": 0.4, "size": 0.1, "color_name": 131, "color_r": 0, "color_g": 255, "color_b": 127, "shape": 0, "width": 1024}, {"x": 0.8030396399194107, "y": 0.4, "size": 0.1, "color_name": 73, "color_r": 32, "color_g": 178, "color_b": 170, "shape": 0, "width": 1024}]]}