{"principle": "similarity_shape", "img_data": [[{"x": 0.42, "y": 0.25, "size": 0.1, "color_name": 142, "color_r": 255, "color_g": 255, "color_b": 0, "shape": 0, "width": 1024}, {"x": 0.33999999999999997, "y": 0.25, "size": 0.1, "color_name": 142, "color_r": 255, "color_g": 255, "color_b": 0, "shape": 0, "width": 1024}, {"x": 0.25999999999999995, "y": 0.25, "size": 0.1, "color_name": 142, "color_r": 255, "color_g": 255, "color_b": 0, "shape": 0, "width": 1024}, {"x": 0.33999999999999997, "y": 0.33, "size": 0.1, "color_name": 142, "color_r": 255, "color_g": 255, "color_b": 0, "shape": 0, "width": 1024}, {"x": 0.5, "y": 0.16999999999999998, "size": 0.1, "color_name": 142, "color_r": 255, "color_g": 255, "color_b": 0, "shape": 0, "width": 1024}, {"x": 0.58, "y": 0.08999999999999998, "size": 0.1, "color_name": 142, "color_r": 255, "color_g": 255, "color_b": 0, "shape": 0, "width": 1024}, {"x": 0.6599999999999999, "y": 0.16999999999999998, "size": 0.1, "color_name": 142, "color_r": 255, "color_g": 255, "color_b": 0, "shape": 0, "width": 1024}, {"x": 0.6599999999999999, "y": 0.25, "size": 0.1, "color_name": 142, "color_r": 255, "color_g": 255, "color_b": 0, "shape": 0, "width": 1024}, {"x": 0.83, "y": 0.33, "size": 0.1, "color_name": 142, "color_r": 255, "color_g": 255, "color_b": 0, "shape": 0, "width": 1024}, {"x": 0.75, "y": 0.41000000000000003, "size": 0.1, "color_name": 142, "color_r": 255, "color_g": 255, "color_b": 0, "shape": 0, "width": 1024}, {"x": 0.25, "y": 0.42, "size": 0.1, "color_name": 142, "color_r": 255, "color_g": 255, "color_b": 0, "shape": 0, "width": 1024}, {"x": 0.25, "y": 0.33999999999999997, "size": 0.1, "color_name": 142, "color_r": 255, "color_g": 255, "color_b": 0, "shape": 0, "width": 1024}, {"x": 0.42, "y": 0.16999999999999998, "size": 0.1, "color_name": 8, "color_r": 0, "color_g": 0, "color_b": 255, "shape": 0, "width": 1024}, {"x": 0.42, "y": 0.08999999999999998, "size": 0.1, "color_name": 8, "color_r": 0, "color_g": 0, "color_b": 255, "shape": 0, "width": 1024}, {"x": 0.33999999999999997, "y": 0.16999999999999998, "size": 0.1, "color_name": 8, "color_r": 0, "color_g": 0, "color_b": 255, "shape": 0, "width": 1024}, {"x": 0.67, "y": 0.33, "size": 0.1, "color_name": 8, "color_r": 0, "color_g": 0, "color_b": 255, "shape": 0, "width": 1024}, {"x": 0.5900000000000001, "y": 0.41000000000000003, "size": 0.1, "color_name": 8, "color_r": 0, "color_g": 0, "color_b": 255, "shape": 0, "width": 1024}, {"x": 0.5100000000000001, "y": 0.33, "size": 0.1, "color_name": 8, "color_r": 0, "color_g": 0, "color_b": 255, "shape": 0, "width": 1024}, {"x": 0.4300000000000001, "y": 0.33, "size": 0.1, "color_name": 8, "color_r": 0, "color_g": 0, "color_b": 255, "shape": 0, "width": 1024}, {"x": 0.75, "y": 0.16999999999999998, "size": 0.1, "color_name": 8, "color_r": 0, "color_g": 0, "color_b": 255, "shape": 0, "width": 1024}, {"x": 0.67, "y": 0.08999999999999998, "size": 0.1, "color_name": 8, "color_r": 0, "color_g": 0, "color_b": 255, "shape": 0, "width": 1024}, {"x": 0.33, "y": 0.83, "size": 0.1, "color_name": 8, "color_r": 0, "color_g": 0, "color_b": 255, "shape": 0, "width": 1024}, {"x": 0.41000000000000003, "y": 0.75, "size": 0.1, "color_name": 8, "color_r": 0, "color_g": 0, "color_b": 255, "shape": 0, "width": 1024}, {"x": 0.49000000000000005, "y": 0.67, "size": 0.1, "color_name": 8, "color_r": 0, "color_g": 0, "color_b": 255, "shape": 0, "width": 1024}], [{"x": 0.42, "y": 0.58, "size": 0.1, "color_name": 142, "color_r": 255, "color_g": 255, "color_b": 0, "shape": 0, "width": 1024}, {"x": 0.33999999999999997, "y": 0.49999999999999994, "size": 0.1, "color_name": 142, "color_r": 255, "color_g": 255, "color_b": 0, "shape": 0, "width": 1024}, {"x": 0.25999999999999995, "y": 0.41999999999999993, "size": 0.1, "color_name": 142, "color_r": 255, "color_g": 255, "color_b": 0, "shape": 0, "width": 1024}, {"x": 0.33999999999999997, "y": 0.3399999999999999, "size": 0.1, "color_name": 142, "color_r": 255, "color_g": 255, "color_b": 0, "shape": 0, "width": 1024}, {"x": 0.58, "y": 0.58, "size": 0.1, "color_name": 142, "color_r": 255, "color_g": 255, "color_b": 0, "shape": 0, "width": 1024}, {"x": 0.6599999999999999, "y": 0.49999999999999994, "size": 0.1, "color_name": 142, "color_r": 255, "color_g": 255, "color_b": 0, "shape": 0, "width": 1024}, {"x": 0.7399999999999999, "y": 0.58, "size": 0.1, "color_name": 142, "color_r": 255, "color_g": 255, "color_b": 0, "shape": 0, "width": 1024}, {"x": 0.6599999999999999, "y": 0.6599999999999999, "size": 0.1, "color_name": 142, "color_r": 255, "color_g": 255, "color_b": 0, "shape": 0, "width": 1024}, {"x": 0.83, "y": 0.67, "size": 0.1, "color_name": 142, "color_r": 255, "color_g": 255, "color_b": 0, "shape": 0, "width": 1024}, {"x": 0.9099999999999999, "y": 0.5900000000000001, "size": 0.1, "color_name": 142, "color_r": 255, "color_g": 255, "color_b": 0, "shape": 0, "width": 1024}, {"x": 0.67, "y": 0.33, "size": 0.1, "color_name": 142, "color_r": 255, "color_g": 255, "color_b": 0, "shape": 0, "width": 1024}, {"x": 0.75, "y": 0.41000000000000003, "size": 0.1, "color_name": 142, "color_r": 255, "color_g": 255, "color_b": 0, "shape": 0, "width": 1024}, {"x": 0.42, "y": 0.67, "size": 0.1, "color_name": 142, "color_r": 255, "color_g": 255, "color_b": 0, "shape": 0, "width": 1024}, {"x": 0.33999999999999997, "y": 0.5900000000000001, "size": 0.1, "color_name": 142, "color_r": 255, "color_g": 255, "color_b": 0, "shape": 0, "width": 1024}, {"x": 0.58, "y": 0.42, "size": 0.1, "color_name": 142, "color_r": 255, "color_g": 255, "color_b": 0, "shape": 0, "width": 1024}, {"x": 0.49999999999999994, "y": 0.33999999999999997, "size": 0.1, "color_name": 142, "color_r": 255, "color_g": 255, "color_b": 0, "shape": 0, "width": 1024}, {"x": 0.58, "y": 0.33999999999999997, "size": 0.1, "color_name": 142, "color_r": 255, "color_g": 255, "color_b": 0, "shape": 0, "width": 1024}, {"x": 0.33, "y": 0.16999999999999998, "size": 0.1, "color_name": 8, "color_r": 0, "color_g": 0, "color_b": 255, "shape": 0, "width": 1024}, {"x": 0.33, "y": 0.08999999999999998, "size": 0.1, "color_name": 8, "color_r": 0, "color_g": 0, "color_b": 255, "shape": 0, "width": 1024}, {"x": 0.25, "y": 0.16999999999999998, "size": 0.1, "color_name": 8, "color_r": 0, "color_g": 0, "color_b": 255, "shape": 0, "width": 1024}, {"x": 0.16999999999999998, "y": 0.08999999999999998, "size": 0.1, "color_name": 8, "color_r": 0, "color_g": 0, "color_b": 255, "shape": 0, "width": 1024}, {"x": 0.42, "y": 0.33, "size": 0.1, "color_name": 8, "color_r": 0, "color_g": 0, "color_b": 255, "shape": 0, "width": 1024}, {"x": 0.42, "y": 0.41000000000000003, "size": 0.1, "color_name": 8, "color_r": 0, "color_g": 0, "color_b": 255, "shape": 0, "width": 1024}, {"x": 0.83, "y": 0.33, "size": 0.1, "color_name": 8, "color_r": 0, "color_g": 0, "color_b": 255, "shape": 0, "width": 1024}, {"x": 0.9099999999999999, "y": 0.41000000000000003, "size": 0.1, "color_name": 8, "color_r": 0, "color_g": 0, "color_b": 255, "shape": 0, "width": 1024}, {"x": 0.16999999999999998, "y": 0.42, "size": 0.1, "color_name": 8, "color_r": 0, "color_g": 0, "color_b": 255, "shape": 0, "width": 1024}, {"x": 0.16999999999999998, "y": 0.5, "size": 0.1, "color_name": 8, "color_r": 0, "color_g": 0, "color_b": 255, "shape": 0, "width": 1024}, {"x": 0.16999999999999998, "y": 0.25, "size": 0.1, "color_name": 8, "color_r": 0, "color_g": 0, "color_b": 255, "shape": 0, "width": 1024}, {"x": 0.08999999999999998, "y": 0.33, "size": 0.1, "color_name": 8, "color_r": 0, "color_g": 0, "color_b": 255, "shape": 0, "width": 1024}, {"x": 0.16999999999999998, "y": 0.83, "size": 0.1, "color_name": 8, "color_r": 0, "color_g": 0, "color_b": 255, "shape": 0, "width": 1024}, {"x": 0.08999999999999998, "y": 0.83, "size": 0.1, "color_name": 8, "color_r": 0, "color_g": 0, "color_b": 255, "shape": 0, "width": 1024}, {"x": 0.75, "y": 0.16999999999999998, "size": 0.1, "color_name": 8, "color_r": 0, "color_g": 0, "color_b": 255, "shape": 0, "width": 1024}, {"x": 0.67, "y": 0.08999999999999998, "size": 0.1, "color_name": 8, "color_r": 0, "color_g": 0, "color_b": 255, "shape": 0, "width": 1024}, {"x": 0.42, "y": 0.83, "size": 0.1, "color_name": 8, "color_r": 0, "color_g": 0, "color_b": 255, "shape": 0, "width": 1024}], [{"x": 0.42, "y": 0.5, "size": 0.1, "color_name": 142, "color_r": 255, "color_g": 255, "color_b": 0, "shape": 0, "width": 1024}, {"x": 0.33999999999999997, "y": 0.58, "size": 0.1, "color_name": 142, "color_r": 255, "color_g": 255, "color_b": 0, "shape": 0, "width": 1024}, {"x": 0.25999999999999995, "y": 0.58, "size": 0.1, "color_name": 142, "color_r": 255, "color_g": 255, "color_b": 0, "shape": 0, "width": 1024}, {"x": 0.16999999999999998, "y": 0.5, "size": 0.1, "color_name": 142, "color_r": 255, "color_g": 255, "color_b": 0, "shape": 0, "width": 1024}, {"x": 0.25, "y": 0.42, "size": 0.1, "color_name": 142, "color_r": 255, "color_g": 255, "color_b": 0, "shape": 0, "width": 1024}, {"x": 0.33, "y": 0.42, "size": 0.1, "color_name": 142, "color_r": 255, "color_g": 255, "color_b": 0, "shape": 0, "width": 1024}, {"x": 0.83, "y": 0.58, "size": 0.1, "color_name": 142, "color_r": 255, "color_g": 255, "color_b": 0, "shape": 0, "width": 1024}, {"x": 0.9099999999999999, "y": 0.6599999999999999, "size": 0.1, "color_name": 142, "color_r": 255, "color_g": 255, "color_b": 0, "shape": 0, "width": 1024}, {"x": 0.16999999999999998, "y": 0.42, "size": 0.1, "color_name": 142, "color_r": 255, "color_g": 255, "color_b": 0, "shape": 0, "width": 1024}, {"x": 0.08999999999999998, "y": 0.5, "size": 0.1, "color_name": 142, "color_r": 255, "color_g": 255, "color_b": 0, "shape": 0, "width": 1024}, {"x": 0.08999999999999998, "y": 0.42, "size": 0.1, "color_name": 142, "color_r": 255, "color_g": 255, "color_b": 0, "shape": 0, "width": 1024}, {"x": 0.16999999999999998, "y": 0.25, "size": 0.1, "color_name": 142, "color_r": 255, "color_g": 255, "color_b": 0, "shape": 0, "width": 1024}, {"x": 0.08999999999999998, "y": 0.16999999999999998, "size": 0.1, "color_name": 142, "color_r": 255, "color_g": 255, "color_b": 0, "shape": 0, "width": 1024}, {"x": 0.16999999999999998, "y": 0.16999999999999998, "size": 0.1, "color_name": 142, "color_r": 255, "color_g": 255, "color_b": 0, "shape": 0, "width": 1024}, {"x": 0.25, "y": 0.08999999999999998, "size": 0.1, "color_name": 142, "color_r": 255, "color_g": 255, "color_b": 0, "shape": 0, "width": 1024}, {"x": 0.58, "y": 0.16999999999999998, "size": 0.1, "color_name": 8, "color_r": 0, "color_g": 0, "color_b": 255, "shape": 0, "width": 1024}, {"x": 0.49999999999999994, "y": 0.08999999999999998, "size": 0.1, "color_name": 8, "color_r": 0, "color_g": 0, "color_b": 255, "shape": 0, "width": 1024}, {"x": 0.49999999999999994, "y": 0.16999999999999998, "size": 0.1, "color_name": 8, "color_r": 0, "color_g": 0, "color_b": 255, "shape": 0, "width": 1024}, {"x": 0.33, "y": 0.83, "size": 0.1, "color_name": 8, "color_r": 0, "color_g": 0, "color_b": 255, "shape": 0, "width": 1024}, {"x": 0.41000000000000003, "y": 0.75, "size": 0.1, "color_name": 8, "color_r": 0, "color_g": 0, "color_b": 255, "shape": 0, "width": 1024}, {"x": 0.49000000000000005, "y": 0.67, "size": 0.1, "color_name": 8, "color_r": 0, "color_g": 0, "color_b": 255, "shape": 0, "width": 1024}, {"x": 0.16999999999999998, "y": 0.75, "size": 0.1, "color_name": 8, "color_r": 0, "color_g": 0, "color_b": 255, "shape": 0, "width": 1024}, {"x": 0.08999999999999998, "y": 0.83, "size": 0.1, "color_name": 8, "color_r": 0, "color_g": 0, "color_b": 255, "shape": 0, "width": 1024}, {"x": 0.16999999999999998, "y": 0.9099999999999999, "size": 0.1, "color_name": 8, "color_r": 0, "color_g": 0, "color_b": 255, "shape": 0, "width": 1024}, {"x": 0.33, "y": 0.16999999999999998, "size": 0.1, "color_name": 8, "color_r": 0, "color_g": 0, "color_b": 255, "shape": 0, "width": 1024}, {"x": 0.41000000000000003, "y": 0.16999999999999998, "size": 0.1, "color_name": 8, "color_r": 0, "color_g": 0, "color_b": 255, "shape": 0, "width": 1024}, {"x": 0.67, "y": 0.42, "size": 0.1, "color_name": 8, "color_r": 0, "color_g": 0, "color_b": 255, "shape": 0, "width": 1024}, {"x": 0.67, "y": 0.33999999999999997, "size": 0.1, "color_name": 8, "color_r": 0, "color_g": 0, "color_b": 255, "shape": 0, "width": 1024}, {"x": 0.58, "y": 0.33, "size": 0.1, "color_name": 8, "color_r": 0, "color_g": 0, "color_b": 255, "shape": 0, "width": 1024}, {"x": 0.49999999999999994, "y": 0.41000000000000003, "size": 0.1, "color_name": 8, "color_r": 0, "color_g": 0, "color_b": 255, "shape": 0, "width": 1024}], [{"x": 0.42, "y": 0.33, "size": 0.1, "color_name": 142, "color_r": 255, "color_g": 255, "color_b": 0, "shape": 0, "width": 1024}, {"x": 0.42, "y": 0.25, "size": 0.1, "color_name": 142, "color_r": 255, "color_g": 255, "color_b": 0, "shape": 0, "width": 1024}, {"x": 0.16999999999999998, "y": 0.67, "size": 0.1, "color_name": 142, "color_r": 255, "color_g": 255, "color_b": 0, "shape": 0, "width": 1024}, {"x": 0.08999999999999998, "y": 0.67, "size": 0.1, "color_name": 142, "color_r": 255, "color_g": 255, "color_b": 0, "shape": 0, "width": 1024}, {"x": 0.25, "y": 0.16999999999999998, "size": 0.1, "color_name": 142, "color_r": 255, "color_g": 255, "color_b": 0, "shape": 0, "width": 1024}, {"x": 0.16999999999999998, "y": 0.16999999999999998, "size": 0.1, "color_name": 142, "color_r": 255, "color_g": 255, "color_b": 0, "shape": 0, "width": 1024}, {"x": 0.08999999999999998, "y": 0.25, "size": 0.1, "color_name": 142, "color_r": 255, "color_g": 255, "color_b": 0, "shape": 0, "width": 1024}, {"x": 0.08999999999999998, "y": 0.33, "size": 0.1, "color_name": 142, "color_r": 255, "color_g": 255, "color_b": 0, "shape": 0, "width": 1024}, {"x": 0.16999999999999998, "y": 0.5, "size": 0.1, "color_name": 142, "color_r": 255, "color_g": 255, "color_b": 0, "shape": 0, "width": 1024}, {"x": 0.16999999999999998, "y": 0.42, "size": 0.1, "color_name": 142, "color_r": 255, "color_g": 255, "color_b": 0, "shape": 0, "width": 1024}, {"x": 0.58, "y": 0.83, "size": 0.1, "color_name": 142, "color_r": 255, "color_g": 255, "color_b": 0, "shape": 0, "width": 1024}, {"x": 0.6599999999999999, "y": 0.9099999999999999, "size": 0.1, "color_name": 142, "color_r": 255, "color_g": 255, "color_b": 0, "shape": 0, "width": 1024}, {"x": 0.16999999999999998, "y": 0.25, "size": 0.1, "color_name": 8, "color_r": 0, "color_g": 0, "color_b": 255, "shape": 0, "width": 1024}, {"x": 0.25, "y": 0.33, "size": 0.1, "color_name": 8, "color_r": 0, "color_g": 0, "color_b": 255, "shape": 0, "width": 1024}, {"x": 0.33, "y": 0.33, "size": 0.1, "color_name": 8, "color_r": 0, "color_g": 0, "color_b": 255, "shape": 0, "width": 1024}, {"x": 0.42, "y": 0.67, "size": 0.1, "color_name": 8, "color_r": 0, "color_g": 0, "color_b": 255, "shape": 0, "width": 1024}, {"x": 0.33999999999999997, "y": 0.75, "size": 0.1, "color_name": 8, "color_r": 0, "color_g": 0, "color_b": 255, "shape": 0, "width": 1024}, {"x": 0.25999999999999995, "y": 0.83, "size": 0.1, "color_name": 8, "color_r": 0, "color_g": 0, "color_b": 255, "shape": 0, "width": 1024}, {"x": 0.17999999999999994, "y": 0.9099999999999999, "size": 0.1, "color_name": 8, "color_r": 0, "color_g": 0, "color_b": 255, "shape": 0, "width": 1024}, {"x": 0.67, "y": 0.67, "size": 0.1, "color_name": 8, "color_r": 0, "color_g": 0, "color_b": 255, "shape": 0, "width": 1024}, {"x": 0.75, "y": 0.5900000000000001, "size": 0.1, "color_name": 8, "color_r": 0, "color_g": 0, "color_b": 255, "shape": 0, "width": 1024}, {"x": 0.67, "y": 0.5100000000000001, "size": 0.1, "color_name": 8, "color_r": 0, "color_g": 0, "color_b": 255, "shape": 0, "width": 1024}, {"x": 0.75, "y": 0.33, "size": 0.1, "color_name": 8, "color_r": 0, "color_g": 0, "color_b": 255, "shape": 0, "width": 1024}, {"x": 0.83, "y": 0.41000000000000003, "size": 0.1, "color_name": 8, "color_r": 0, "color_g": 0, "color_b": 255, "shape": 0, "width": 1024}], [{"x": 0.42, "y": 0.58, "size": 0.1, "color_name": 142, "color_r": 255, "color_g": 255, "color_b": 0, "shape": 0, "width": 1024}, {"x": 0.33999999999999997, "y": 0.6599999999999999, "size": 0.1, "color_name": 142, "color_r": 255, "color_g": 255, "color_b": 0, "shape": 0, "width": 1024}, {"x": 0.16999999999999998, "y": 0.25, "size": 0.1, "color_name": 142, "color_r": 255, "color_g": 255, "color_b": 0, "shape": 0, "width": 1024}, {"x": 0.08999999999999998, "y": 0.16999999999999998, "size": 0.1, "color_name": 142, "color_r": 255, "color_g": 255, "color_b": 0, "shape": 0, "width": 1024}, {"x": 0.08999999999999998, "y": 0.08999999999999998, "size": 0.1, "color_name": 142, "color_r": 255, "color_g": 255, "color_b": 0, "shape": 0, "width": 1024}, {"x": 0.16999999999999998, "y": 0.16999999999999998, "size": 0.1, "color_name": 142, "color_r": 255, "color_g": 255, "color_b": 0, "shape": 0, "width": 1024}, {"x": 0.33, "y": 0.75, "size": 0.1, "color_name": 142, "color_r": 255, "color_g": 255, "color_b": 0, "shape": 0, "width": 1024}, {"x": 0.41000000000000003, "y": 0.83, "size": 0.1, "color_name": 142, "color_r": 255, "color_g": 255, "color_b": 0, "shape": 0, "width": 1024}, {"x": 0.33, "y": 0.9099999999999999, "size": 0.1, "color_name": 142, "color_r": 255, "color_g": 255, "color_b": 0, "shape": 0, "width": 1024}, {"x": 0.58, "y": 0.33, "size": 0.1, "color_name": 142, "color_r": 255, "color_g": 255, "color_b": 0, "shape": 0, "width": 1024}, {"x": 0.49999999999999994, "y": 0.33, "size": 0.1, "color_name": 142, "color_r": 255, "color_g": 255, "color_b": 0, "shape": 0, "width": 1024}, {"x": 0.41999999999999993, "y": 0.41000000000000003, "size": 0.1, "color_name": 142, "color_r": 255, "color_g": 255, "color_b": 0, "shape": 0, "width": 1024}, {"x": 0.58, "y": 0.83, "size": 0.1, "color_name": 142, "color_r": 255, "color_g": 255, "color_b": 0, "shape": 0, "width": 1024}, {"x": 0.6599999999999999, "y": 0.75, "size": 0.1, "color_name": 142, "color_r": 255, "color_g": 255, "color_b": 0, "shape": 0, "width": 1024}, {"x": 0.58, "y": 0.67, "size": 0.1, "color_name": 142, "color_r": 255, "color_g": 255, "color_b": 0, "shape": 0, "width": 1024}, {"x": 0.6599999999999999, "y": 0.5900000000000001, "size": 0.1, "color_name": 142, "color_r": 255, "color_g": 255, "color_b": 0, "shape": 0, "width": 1024}, {"x": 0.75, "y": 0.42, "size": 0.1, "color_name": 142, "color_r": 255, "color_g": 255, "color_b": 0, "shape": 0, "width": 1024}, {"x": 0.67, "y": 0.33999999999999997, "size": 0.1, "color_name": 142, "color_r": 255, "color_g": 255, "color_b": 0, "shape": 0, "width": 1024}, {"x": 0.67, "y": 0.25999999999999995, "size": 0.1, "color_name": 142, "color_r": 255, "color_g": 255, "color_b": 0, "shape": 0, "width": 1024}, {"x": 0.5900000000000001, "y": 0.17999999999999994, "size": 0.1, "color_name": 142, "color_r": 255, "color_g": 255, "color_b": 0, "shape": 0, "width": 1024}, {"x": 0.16999999999999998, "y": 0.83, "size": 0.1, "color_name": 8, "color_r": 0, "color_g": 0, "color_b": 255, "shape": 0, "width": 1024}, {"x": 0.08999999999999998, "y": 0.83, "size": 0.1, "color_name": 8, "color_r": 0, "color_g": 0, "color_b": 255, "shape": 0, "width": 1024}, {"x": 0.5, "y": 0.16999999999999998, "size": 0.1, "color_name": 8, "color_r": 0, "color_g": 0, "color_b": 255, "shape": 0, "width": 1024}, {"x": 0.42, "y": 0.16999999999999998, "size": 0.1, "color_name": 8, "color_r": 0, "color_g": 0, "color_b": 255, "shape": 0, "width": 1024}, {"x": 0.42, "y": 0.25, "size": 0.1, "color_name": 8, "color_r": 0, "color_g": 0, "color_b": 255, "shape": 0, "width": 1024}, {"x": 0.33999999999999997, "y": 0.16999999999999998, "size": 0.1, "color_name": 8, "color_r": 0, "color_g": 0, "color_b": 255, "shape": 0, "width": 1024}, {"x": 0.83, "y": 0.33, "size": 0.1, "color_name": 8, "color_r": 0, "color_g": 0, "color_b": 255, "shape": 0, "width": 1024}, {"x": 0.83, "y": 0.41000000000000003, "size": 0.1, "color_name": 8, "color_r": 0, "color_g": 0, "color_b": 255, "shape": 0, "width": 1024}, {"x": 0.83, "y": 0.49000000000000005, "size": 0.1, "color_name": 8, "color_r": 0, "color_g": 0, "color_b": 255, "shape": 0, "width": 1024}, {"x": 0.58, "y": 0.42, "size": 0.1, "color_name": 8, "color_r": 0, "color_g": 0, "color_b": 255, "shape": 0, "width": 1024}, {"x": 0.6599999999999999, "y": 0.5, "size": 0.1, "color_name": 8, "color_r": 0, "color_g": 0, "color_b": 255, "shape": 0, "width": 1024}, {"x": 0.7399999999999999, "y": 0.58, "size": 0.1, "color_name": 8, "color_r": 0, "color_g": 0, "color_b": 255, "shape": 0, "width": 1024}, {"x": 0.58, "y": 0.58, "size": 0.1, "color_name": 8, "color_r": 0, "color_g": 0, "color_b": 255, "shape": 0, "width": 1024}, {"x": 0.49999999999999994, "y": 0.6599999999999999, "size": 0.1, "color_name": 8, "color_r": 0, "color_g": 0, "color_b": 255, "shape": 0, "width": 1024}, {"x": 0.67, "y": 0.16999999999999998, "size": 0.1, "color_name": 8, "color_r": 0, "color_g": 0, "color_b": 255, "shape": 0, "width": 1024}, {"x": 0.5900000000000001, "y": 0.08999999999999998, "size": 0.1, "color_name": 8, "color_r": 0, "color_g": 0, "color_b": 255, "shape": 0, "width": 1024}, {"x": 0.33, "y": 0.33, "size": 0.1, "color_name": 8, "color_r": 0, "color_g": 0, "color_b": 255, "shape": 0, "width": 1024}, {"x": 0.41000000000000003, "y": 0.33, "size": 0.1, "color_name": 8, "color_r": 0, "color_g": 0, "color_b": 255, "shape": 0, "width": 1024}, {"x": 0.33, "y": 0.25, "size": 0.1, "color_name": 8, "color_r": 0, "color_g": 0, "color_b": 255, "shape": 0, "width": 1024}, {"x": 0.83, "y": 0.58, "size": 0.1, "color_name": 8, "color_r": 0, "color_g": 0, "color_b": 255, "shape": 0, "width": 1024}], [{"x": 0.5, "y": 0.42, "size": 0.1, "color_name": 142, "color_r": 255, "color_g": 255, "color_b": 0, "shape": 0, "width": 1024}, {"x": 0.42, "y": 0.33999999999999997, "size": 0.1, "color_name": 142, "color_r": 255, "color_g": 255, "color_b": 0, "shape": 0, "width": 1024}, {"x": 0.58, "y": 0.58, "size": 0.1, "color_name": 142, "color_r": 255, "color_g": 255, "color_b": 0, "shape": 0, "width": 1024}, {"x": 0.6599999999999999, "y": 0.49999999999999994, "size": 0.1, "color_name": 142, "color_r": 255, "color_g": 255, "color_b": 0, "shape": 0, "width": 1024}, {"x": 0.7399999999999999, "y": 0.41999999999999993, "size": 0.1, "color_name": 142, "color_r": 255, "color_g": 255, "color_b": 0, "shape": 0, "width": 1024}, {"x": 0.6599999999999999, "y": 0.3399999999999999, "size": 0.1, "color_name": 142, "color_r": 255, "color_g": 255, "color_b": 0, "shape": 0, "width": 1024}, {"x": 0.42, "y": 0.75, "size": 0.1, "color_name": 142, "color_r": 255, "color_g": 255, "color_b": 0, "shape": 0, "width": 1024}, {"x": 0.33999999999999997, "y": 0.83, "size": 0.1, "color_name": 142, "color_r": 255, "color_g": 255, "color_b": 0, "shape": 0, "width": 1024}, {"x": 0.25999999999999995, "y": 0.75, "size": 0.1, "color_name": 142, "color_r": 255, "color_g": 255, "color_b": 0, "shape": 0, "width": 1024}, {"x": 0.17999999999999994, "y": 0.75, "size": 0.1, "color_name": 142, "color_r": 255, "color_g": 255, "color_b": 0, "shape": 0, "width": 1024}, {"x": 0.42, "y": 0.42, "size": 0.1, "color_name": 142, "color_r": 255, "color_g": 255, "color_b": 0, "shape": 0, "width": 1024}, {"x": 0.5, "y": 0.33999999999999997, "size": 0.1, "color_name": 142, "color_r": 255, "color_g": 255, "color_b": 0, "shape": 0, "width": 1024}, {"x": 0.42, "y": 0.25999999999999995, "size": 0.1, "color_name": 142, "color_r": 255, "color_g": 255, "color_b": 0, "shape": 0, "width": 1024}, {"x": 0.83, "y": 0.42, "size": 0.1, "color_name": 8, "color_r": 0, "color_g": 0, "color_b": 255, "shape": 0, "width": 1024}, {"x": 0.9099999999999999, "y": 0.33999999999999997, "size": 0.1, "color_name": 8, "color_r": 0, "color_g": 0, "color_b": 255, "shape": 0, "width": 1024}, {"x": 0.9099999999999999, "y": 0.25999999999999995, "size": 0.1, "color_name": 8, "color_r": 0, "color_g": 0, "color_b": 255, "shape": 0, "width": 1024}, {"x": 0.33, "y": 0.25, "size": 0.1, "color_name": 8, "color_r": 0, "color_g": 0, "color_b": 255, "shape": 0, "width": 1024}, {"x": 0.33, "y": 0.16999999999999998, "size": 0.1, "color_name": 8, "color_r": 0, "color_g": 0, "color_b": 255, "shape": 0, "width": 1024}, {"x": 0.25, "y": 0.16999999999999998, "size": 0.1, "color_name": 8, "color_r": 0, "color_g": 0, "color_b": 255, "shape": 0, "width": 1024}, {"x": 0.25, "y": 0.08999999999999998, "size": 0.1, "color_name": 8, "color_r": 0, "color_g": 0, "color_b": 255, "shape": 0, "width": 1024}, {"x": 0.67, "y": 0.58, "size": 0.1, "color_name": 8, "color_r": 0, "color_g": 0, "color_b": 255, "shape": 0, "width": 1024}, {"x": 0.5900000000000001, "y": 0.6599999999999999, "size": 0.1, "color_name": 8, "color_r": 0, "color_g": 0, "color_b": 255, "shape": 0, "width": 1024}, {"x": 0.67, "y": 0.7399999999999999, "size": 0.1, "color_name": 8, "color_r": 0, "color_g": 0, "color_b": 255, "shape": 0, "width": 1024}, {"x": 0.5900000000000001, "y": 0.8199999999999998, "size": 0.1, "color_name": 8, "color_r": 0, "color_g": 0, "color_b": 255, "shape": 0, "width": 1024}, {"x": 0.16999999999999998, "y": 0.16999999999999998, "size": 0.1, "color_name": 8, "color_r": 0, "color_g": 0, "color_b": 255, "shape": 0, "width": 1024}, {"x": 0.16999999999999998, "y": 0.25, "size": 0.1, "color_name": 8, "color_r": 0, "color_g": 0, "color_b": 255, "shape": 0, "width": 1024}], [{"x": 0.67, "y": 0.58, "size": 0.1, "color_name": 142, "color_r": 255, "color_g": 255, "color_b": 0, "shape": 0, "width": 1024}, {"x": 0.75, "y": 0.6599999999999999, "size": 0.1, "color_name": 142, "color_r": 255, "color_g": 255, "color_b": 0, "shape": 0, "width": 1024}, {"x": 0.67, "y": 0.7399999999999999, "size": 0.1, "color_name": 142, "color_r": 255, "color_g": 255, "color_b": 0, "shape": 0, "width": 1024}, {"x": 0.5900000000000001, "y": 0.8199999999999998, "size": 0.1, "color_name": 142, "color_r": 255, "color_g": 255, "color_b": 0, "shape": 0, "width": 1024}, {"x": 0.83, "y": 0.58, "size": 0.1, "color_name": 142, "color_r": 255, "color_g": 255, "color_b": 0, "shape": 0, "width": 1024}, {"x": 0.9099999999999999, "y": 0.49999999999999994, "size": 0.1, "color_name": 142, "color_r": 255, "color_g": 255, "color_b": 0, "shape": 0, "width": 1024}, {"x": 0.42, "y": 0.75, "size": 0.1, "color_name": 142, "color_r": 255, "color_g": 255, "color_b": 0, "shape": 0, "width": 1024}, {"x": 0.33999999999999997, "y": 0.83, "size": 0.1, "color_name": 142, "color_r": 255, "color_g": 255, "color_b": 0, "shape": 0, "width": 1024}, {"x": 0.33, "y": 0.42, "size": 0.1, "color_name": 142, "color_r": 255, "color_g": 255, "color_b": 0, "shape": 0, "width": 1024}, {"x": 0.41000000000000003, "y": 0.33999999999999997, "size": 0.1, "color_name": 142, "color_r": 255, "color_g": 255, "color_b": 0, "shape": 0, "width": 1024}, {"x": 0.67, "y": 0.83, "size": 0.1, "color_name": 142, "color_r": 255, "color_g": 255, "color_b": 0, "shape": 0, "width": 1024}, {"x": 0.5900000000000001, "y": 0.9099999999999999, "size": 0.1, "color_name": 142, "color_r": 255, "color_g": 255, "color_b": 0, "shape": 0, "width": 1024}, {"x": 0.83, "y": 0.67, "size": 0.1, "color_name": 8, "color_r": 0, "color_g": 0, "color_b": 255, "shape": 0, "width": 1024}, {"x": 0.9099999999999999, "y": 0.75, "size": 0.1, "color_name": 8, "color_r": 0, "color_g": 0, "color_b": 255, "shape": 0, "width": 1024}, {"x": 0.16999999999999998, "y": 0.58, "size": 0.1, "color_name": 8, "color_r": 0, "color_g": 0, "color_b": 255, "shape": 0, "width": 1024}, {"x": 0.08999999999999998, "y": 0.58, "size": 0.1, "color_name": 8, "color_r": 0, "color_g": 0, "color_b": 255, "shape": 0, "width": 1024}, {"x": 0.42, "y": 0.58, "size": 0.1, "color_name": 8, "color_r": 0, "color_g": 0, "color_b": 255, "shape": 0, "width": 1024}, {"x": 0.5, "y": 0.6599999999999999, "size": 0.1, "color_name": 8, "color_r": 0, "color_g": 0, "color_b": 255, "shape": 0, "width": 1024}, {"x": 0.67, "y": 0.42, "size": 0.1, "color_name": 8, "color_r": 0, "color_g": 0, "color_b": 255, "shape": 0, "width": 1024}, {"x": 0.5900000000000001, "y": 0.33999999999999997, "size": 0.1, "color_name": 8, "color_r": 0, "color_g": 0, "color_b": 255, "shape": 0, "width": 1024}, {"x": 0.67, "y": 0.25999999999999995, "size": 0.1, "color_name": 8, "color_r": 0, "color_g": 0, "color_b": 255, "shape": 0, "width": 1024}, {"x": 0.5900000000000001, "y": 0.17999999999999994, "size": 0.1, "color_name": 8, "color_r": 0, "color_g": 0, "color_b": 255, "shape": 0, "width": 1024}, {"x": 0.75, "y": 0.16999999999999998, "size": 0.1, "color_name": 8, "color_r": 0, "color_g": 0, "color_b": 255, "shape": 0, "width": 1024}, {"x": 0.83, "y": 0.08999999999999998, "size": 0.1, "color_name": 8, "color_r": 0, "color_g": 0, "color_b": 255, "shape": 0, "width": 1024}], [{"x": 0.42, "y": 0.75, "size": 0.1, "color_name": 142, "color_r": 255, "color_g": 255, "color_b": 0, "shape": 0, "width": 1024}, {"x": 0.33999999999999997, "y": 0.83, "size": 0.1, "color_name": 142, "color_r": 255, "color_g": 255, "color_b": 0, "shape": 0, "width": 1024}, {"x": 0.75, "y": 0.16999999999999998, "size": 0.1, "color_name": 142, "color_r": 255, "color_g": 255, "color_b": 0, "shape": 0, "width": 1024}, {"x": 0.67, "y": 0.08999999999999998, "size": 0.1, "color_name": 142, "color_r": 255, "color_g": 255, "color_b": 0, "shape": 0, "width": 1024}, {"x": 0.58, "y": 0.58, "size": 0.1, "color_name": 142, "color_r": 255, "color_g": 255, "color_b": 0, "shape": 0, "width": 1024}, {"x": 0.6599999999999999, "y": 0.49999999999999994, "size": 0.1, "color_name": 142, "color_r": 255, "color_g": 255, "color_b": 0, "shape": 0, "width": 1024}, {"x": 0.6599999999999999, "y": 0.41999999999999993, "size": 0.1, "color_name": 142, "color_r": 255, "color_g": 255, "color_b": 0, "shape": 0, "width": 1024}, {"x": 0.58, "y": 0.67, "size": 0.1, "color_name": 142, "color_r": 255, "color_g": 255, "color_b": 0, "shape": 0, "width": 1024}, {"x": 0.6599999999999999, "y": 0.75, "size": 0.1, "color_name": 142, "color_r": 255, "color_g": 255, "color_b": 0, "shape": 0, "width": 1024}, {"x": 0.16999999999999998, "y": 0.75, "size": 0.1, "color_name": 142, "color_r": 255, "color_g": 255, "color_b": 0, "shape": 0, "width": 1024}, {"x": 0.08999999999999998, "y": 0.75, "size": 0.1, "color_name": 142, "color_r": 255, "color_g": 255, "color_b": 0, "shape": 0, "width": 1024}, {"x": 0.58, "y": 0.83, "size": 0.1, "color_name": 142, "color_r": 255, "color_g": 255, "color_b": 0, "shape": 0, "width": 1024}, {"x": 0.6599999999999999, "y": 0.9099999999999999, "size": 0.1, "color_name": 142, "color_r": 255, "color_g": 255, "color_b": 0, "shape": 0, "width": 1024}, {"x": 0.67, "y": 0.33, "size": 0.1, "color_name": 8, "color_r": 0, "color_g": 0, "color_b": 255, "shape": 0, "width": 1024}, {"x": 0.5900000000000001, "y": 0.25, "size": 0.1, "color_name": 8, "color_r": 0, "color_g": 0, "color_b": 255, "shape": 0, "width": 1024}, {"x": 0.5100000000000001, "y": 0.16999999999999998, "size": 0.1, "color_name": 8, "color_r": 0, "color_g": 0, "color_b": 255, "shape": 0, "width": 1024}, {"x": 0.42, "y": 0.58, "size": 0.1, "color_name": 8, "color_r": 0, "color_g": 0, "color_b": 255, "shape": 0, "width": 1024}, {"x": 0.42, "y": 0.49999999999999994, "size": 0.1, "color_name": 8, "color_r": 0, "color_g": 0, "color_b": 255, "shape": 0, "width": 1024}, {"x": 0.33999999999999997, "y": 0.49999999999999994, "size": 0.1, "color_name": 8, "color_r": 0, "color_g": 0, "color_b": 255, "shape": 0, "width": 1024}, {"x": 0.16999999999999998, "y": 0.42, "size": 0.1, "color_name": 8, "color_r": 0, "color_g": 0, "color_b": 255, "shape": 0, "width": 1024}, {"x": 0.16999999999999998, "y": 0.5, "size": 0.1, "color_name": 8, "color_r": 0, "color_g": 0, "color_b": 255, "shape": 0, "width": 1024}, {"x": 0.83, "y": 0.58, "size": 0.1, "color_name": 8, "color_r": 0, "color_g": 0, "color_b": 255, "shape": 0, "width": 1024}, {"x": 0.9099999999999999, "y": 0.49999999999999994, "size": 0.1, "color_name": 8, "color_r": 0, "color_g": 0, "color_b": 255, "shape": 0, "width": 1024}, {"x": 0.83, "y": 0.83, "size": 0.1, "color_name": 8, "color_r": 0, "color_g": 0, "color_b": 255, "shape": 0, "width": 1024}, {"x": 0.9099999999999999, "y": 0.9099999999999999, "size": 0.1, "color_name": 8, "color_r": 0, "color_g": 0, "color_b": 255, "shape": 0, "width": 1024}, {"x": 0.5, "y": 0.42, "size": 0.1, "color_name": 8, "color_r": 0, "color_g": 0, "color_b": 255, "shape": 0, "width": 1024}], [{"x": 0.67, "y": 0.67, "size": 0.1, "color_name": 142, "color_r": 255, "color_g": 255, "color_b": 0, "shape": 0, "width": 1024}, {"x": 0.5900000000000001, "y": 0.75, "size": 0.1, "color_name": 142, "color_r": 255, "color_g": 255, "color_b": 0, "shape": 0, "width": 1024}, {"x": 0.67, "y": 0.83, "size": 0.1, "color_name": 142, "color_r": 255, "color_g": 255, "color_b": 0, "shape": 0, "width": 1024}, {"x": 0.42, "y": 0.33, "size": 0.1, "color_name": 142, "color_r": 255, "color_g": 255, "color_b": 0, "shape": 0, "width": 1024}, {"x": 0.5, "y": 0.33, "size": 0.1, "color_name": 142, "color_r": 255, "color_g": 255, "color_b": 0, "shape": 0, "width": 1024}, {"x": 0.42, "y": 0.25, "size": 0.1, "color_name": 142, "color_r": 255, "color_g": 255, "color_b": 0, "shape": 0, "width": 1024}, {"x": 0.33999999999999997, "y": 0.25, "size": 0.1, "color_name": 142, "color_r": 255, "color_g": 255, "color_b": 0, "shape": 0, "width": 1024}, {"x": 0.16999999999999998, "y": 0.58, "size": 0.1, "color_name": 142, "color_r": 255, "color_g": 255, "color_b": 0, "shape": 0, "width": 1024}, {"x": 0.25, "y": 0.6599999999999999, "size": 0.1, "color_name": 142, "color_r": 255, "color_g": 255, "color_b": 0, "shape": 0, "width": 1024}, {"x": 0.42, "y": 0.67, "size": 0.1, "color_name": 142, "color_r": 255, "color_g": 255, "color_b": 0, "shape": 0, "width": 1024}, {"x": 0.33999999999999997, "y": 0.5900000000000001, "size": 0.1, "color_name": 142, "color_r": 255, "color_g": 255, "color_b": 0, "shape": 0, "width": 1024}, {"x": 0.67, "y": 0.33, "size": 0.1, "color_name": 8, "color_r": 0, "color_g": 0, "color_b": 255, "shape": 0, "width": 1024}, {"x": 0.67, "y": 0.41000000000000003, "size": 0.1, "color_name": 8, "color_r": 0, "color_g": 0, "color_b": 255, "shape": 0, "width": 1024}, {"x": 0.42, "y": 0.16999999999999998, "size": 0.1, "color_name": 8, "color_r": 0, "color_g": 0, "color_b": 255, "shape": 0, "width": 1024}, {"x": 0.33999999999999997, "y": 0.16999999999999998, "size": 0.1, "color_name": 8, "color_r": 0, "color_g": 0, "color_b": 255, "shape": 0, "width": 1024}, {"x": 0.25999999999999995, "y": 0.25, "size": 0.1, "color_name": 8, "color_r": 0, "color_g": 0, "color_b": 255, "shape": 0, "width": 1024}, {"x": 0.16999999999999998, "y": 0.25, "size": 0.1, "color_name": 8, "color_r": 0, "color_g": 0, "color_b": 255, "shape": 0, "width": 1024}, {"x": 0.16999999999999998, "y": 0.16999999999999998, "size": 0.1, "color_name": 8, "color_r": 0, "color_g": 0, "color_b": 255, "shape": 0, "width": 1024}, {"x": 0.08999999999999998, "y": 0.08999999999999998, "size": 0.1, "color_name": 8, "color_r": 0, "color_g": 0, "color_b": 255, "shape": 0, "width": 1024}, {"x": 0.08999999999999998, "y": 0.16999999999999998, "size": 0.1, "color_name": 8, "color_r": 0, "color_g": 0, "color_b": 255, "shape": 0, "width": 1024}, {"x": 0.25, "y": 0.16999999999999998, "size": 0.1, "color_name": 8, "color_r": 0, "color_g": 0, "color_b": 255, "shape": 0, "width": 1024}, {"x": 0.33, "y": 0.08999999999999998, "size": 0.1, "color_name": 8, "color_r": 0, "color_g": 0, "color_b": 255, "shape": 0, "width": 1024}], [{"x": 0.16999999999999998, "y": 0.75, "size": 0.1, "color_name": 142, "color_r": 255, "color_g": 255, "color_b": 0, "shape": 0, "width": 1024}, {"x": 0.08999999999999998, "y": 0.75, "size": 0.1, "color_name": 142, "color_r": 255, "color_g": 255, "color_b": 0, "shape": 0, "width": 1024}, {"x": 0.33, "y": 0.75, "size": 0.1, "color_name": 142, "color_r": 255, "color_g": 255, "color_b": 0, "shape": 0, "width": 1024}, {"x": 0.41000000000000003, "y": 0.67, "size": 0.1, "color_name": 142, "color_r": 255, "color_g": 255, "color_b": 0, "shape": 0, "width": 1024}, {"x": 0.49000000000000005, "y": 0.5900000000000001, "size": 0.1, "color_name": 142, "color_r": 255, "color_g": 255, "color_b": 0, "shape": 0, "width": 1024}, {"x": 0.5, "y": 0.42, "size": 0.1, "color_name": 142, "color_r": 255, "color_g": 255, "color_b": 0, "shape": 0, "width": 1024}, {"x": 0.42, "y": 0.5, "size": 0.1, "color_name": 142, "color_r": 255, "color_g": 255, "color_b": 0, "shape": 0, "width": 1024}, {"x": 0.33999999999999997, "y": 0.58, "size": 0.1, "color_name": 142, "color_r": 255, "color_g": 255, "color_b": 0, "shape": 0, "width": 1024}, {"x": 0.33999999999999997, "y": 0.49999999999999994, "size": 0.1, "color_name": 142, "color_r": 255, "color_g": 255, "color_b": 0, "shape": 0, "width": 1024}, {"x": 0.83, "y": 0.16999999999999998, "size": 0.1, "color_name": 142, "color_r": 255, "color_g": 255, "color_b": 0, "shape": 0, "width": 1024}, {"x": 0.9099999999999999, "y": 0.08999999999999998, "size": 0.1, "color_name": 142, "color_r": 255, "color_g": 255, "color_b": 0, "shape": 0, "width": 1024}, {"x": 0.67, "y": 0.58, "size": 0.1, "color_name": 8, "color_r": 0, "color_g": 0, "color_b": 255, "shape": 0, "width": 1024}, {"x": 0.5900000000000001, "y": 0.6599999999999999, "size": 0.1, "color_name": 8, "color_r": 0, "color_g": 0, "color_b": 255, "shape": 0, "width": 1024}, {"x": 0.67, "y": 0.7399999999999999, "size": 0.1, "color_name": 8, "color_r": 0, "color_g": 0, "color_b": 255, "shape": 0, "width": 1024}, {"x": 0.75, "y": 0.6599999999999999, "size": 0.1, "color_name": 8, "color_r": 0, "color_g": 0, "color_b": 255, "shape": 0, "width": 1024}, {"x": 0.83, "y": 0.67, "size": 0.1, "color_name": 8, "color_r": 0, "color_g": 0, "color_b": 255, "shape": 0, "width": 1024}, {"x": 0.9099999999999999, "y": 0.5900000000000001, "size": 0.1, "color_name": 8, "color_r": 0, "color_g": 0, "color_b": 255, "shape": 0, "width": 1024}, {"x": 0.58, "y": 0.83, "size": 0.1, "color_name": 8, "color_r": 0, "color_g": 0, "color_b": 255, "shape": 0, "width": 1024}, {"x": 0.6599999999999999, "y": 0.9099999999999999, "size": 0.1, "color_name": 8, "color_r": 0, "color_g": 0, "color_b": 255, "shape": 0, "width": 1024}, {"x": 0.67, "y": 0.16999999999999998, "size": 0.1, "color_name": 8, "color_r": 0, "color_g": 0, "color_b": 255, "shape": 0, "width": 1024}, {"x": 0.67, "y": 0.08999999999999998, "size": 0.1, "color_name": 8, "color_r": 0, "color_g": 0, "color_b": 255, "shape": 0, "width": 1024}, {"x": 0.67, "y": 0.33, "size": 0.1, "color_name": 8, "color_r": 0, "color_g": 0, "color_b": 255, "shape": 0, "width": 1024}], [{"x": 0.42, "y": 0.83, "size": 0.1, "color_name": 142, "color_r": 255, "color_g": 255, "color_b": 0, "shape": 0, "width": 1024}, {"x": 0.33999999999999997, "y": 0.83, "size": 0.1, "color_name": 142, "color_r": 255, "color_g": 255, "color_b": 0, "shape": 0, "width": 1024}, {"x": 0.25999999999999995, "y": 0.75, "size": 0.1, "color_name": 142, "color_r": 255, "color_g": 255, "color_b": 0, "shape": 0, "width": 1024}, {"x": 0.17999999999999994, "y": 0.83, "size": 0.1, "color_name": 142, "color_r": 255, "color_g": 255, "color_b": 0, "shape": 0, "width": 1024}, {"x": 0.16999999999999998, "y": 0.58, "size": 0.1, "color_name": 142, "color_r": 255, "color_g": 255, "color_b": 0, "shape": 0, "width": 1024}, {"x": 0.25, "y": 0.6599999999999999, "size": 0.1, "color_name": 142, "color_r": 255, "color_g": 255, "color_b": 0, "shape": 0, "width": 1024}, {"x": 0.33, "y": 0.58, "size": 0.1, "color_name": 142, "color_r": 255, "color_g": 255, "color_b": 0, "shape": 0, "width": 1024}, {"x": 0.33, "y": 0.49999999999999994, "size": 0.1, "color_name": 142, "color_r": 255, "color_g": 255, "color_b": 0, "shape": 0, "width": 1024}, {"x": 0.42, "y": 0.33, "size": 0.1, "color_name": 142, "color_r": 255, "color_g": 255, "color_b": 0, "shape": 0, "width": 1024}, {"x": 0.42, "y": 0.25, "size": 0.1, "color_name": 142, "color_r": 255, "color_g": 255, "color_b": 0, "shape": 0, "width": 1024}, {"x": 0.33, "y": 0.25, "size": 0.1, "color_name": 8, "color_r": 0, "color_g": 0, "color_b": 255, "shape": 0, "width": 1024}, {"x": 0.25, "y": 0.16999999999999998, "size": 0.1, "color_name": 8, "color_r": 0, "color_g": 0, "color_b": 255, "shape": 0, "width": 1024}, {"x": 0.16999999999999998, "y": 0.08999999999999998, "size": 0.1, "color_name": 8, "color_r": 0, "color_g": 0, "color_b": 255, "shape": 0, "width": 1024}, {"x": 0.08999999999999998, "y": 0.08999999999999998, "size": 0.1, "color_name": 8, "color_r": 0, "color_g": 0, "color_b": 255, "shape": 0, "width": 1024}, {"x": 0.16999999999999998, "y": 0.16999999999999998, "size": 0.1, "color_name": 8, "color_r": 0, "color_g": 0, "color_b": 255, "shape": 0, "width": 1024}, {"x": 0.16999999999999998, "y": 0.25, "size": 0.1, "color_name": 8, "color_r": 0, "color_g": 0, "color_b": 255, "shape": 0, "width": 1024}, {"x": 0.67, "y": 0.42, "size": 0.1, "color_name": 8, "color_r": 0, "color_g": 0, "color_b": 255, "shape": 0, "width": 1024}, {"x": 0.67, "y": 0.33999999999999997, "size": 0.1, "color_name": 8, "color_r": 0, "color_g": 0, "color_b": 255, "shape": 0, "width": 1024}, {"x": 0.67, "y": 0.25999999999999995, "size": 0.1, "color_name": 8, "color_r": 0, "color_g": 0, "color_b": 255, "shape": 0, "width": 1024}, {"x": 0.83, "y": 0.58, "size": 0.1, "color_name": 8, "color_r": 0, "color_g": 0, "color_b": 255, "shape": 0, "width": 1024}, {"x": 0.75, "y": 0.6599999999999999, "size": 0.1, "color_name": 8, "color_r": 0, "color_g": 0, "color_b": 255, "shape": 0, "width": 1024}, {"x": 0.67, "y": 0.7399999999999999, "size": 0.1, "color_name": 8, "color_r": 0, "color_g": 0, "color_b": 255, "shape": 0, "width": 1024}, {"x": 0.75, "y": 0.8199999999999998, "size": 0.1, "color_name": 8, "color_r": 0, "color_g": 0, "color_b": 255, "shape": 0, "width": 1024}], [{"x": 0.33, "y": 0.33, "size": 0.1, "color_name": 142, "color_r": 255, "color_g": 255, "color_b": 0, "shape": 0, "width": 1024}, {"x": 0.25, "y": 0.41000000000000003, "size": 0.1, "color_name": 142, "color_r": 255, "color_g": 255, "color_b": 0, "shape": 0, "width": 1024}, {"x": 0.42, "y": 0.83, "size": 0.1, "color_name": 142, "color_r": 255, "color_g": 255, "color_b": 0, "shape": 0, "width": 1024}, {"x": 0.33999999999999997, "y": 0.83, "size": 0.1, "color_name": 142, "color_r": 255, "color_g": 255, "color_b": 0, "shape": 0, "width": 1024}, {"x": 0.25999999999999995, "y": 0.75, "size": 0.1, "color_name": 142, "color_r": 255, "color_g": 255, "color_b": 0, "shape": 0, "width": 1024}, {"x": 0.17999999999999994, "y": 0.75, "size": 0.1, "color_name": 142, "color_r": 255, "color_g": 255, "color_b": 0, "shape": 0, "width": 1024}, {"x": 0.58, "y": 0.33, "size": 0.1, "color_name": 142, "color_r": 255, "color_g": 255, "color_b": 0, "shape": 0, "width": 1024}, {"x": 0.6599999999999999, "y": 0.25, "size": 0.1, "color_name": 142, "color_r": 255, "color_g": 255, "color_b": 0, "shape": 0, "width": 1024}, {"x": 0.7399999999999999, "y": 0.33, "size": 0.1, "color_name": 142, "color_r": 255, "color_g": 255, "color_b": 0, "shape": 0, "width": 1024}, {"x": 0.42, "y": 0.5, "size": 0.1, "color_name": 142, "color_r": 255, "color_g": 255, "color_b": 0, "shape": 0, "width": 1024}, {"x": 0.33999999999999997, "y": 0.5, "size": 0.1, "color_name": 142, "color_r": 255, "color_g": 255, "color_b": 0, "shape": 0, "width": 1024}, {"x": 0.42, "y": 0.67, "size": 0.1, "color_name": 8, "color_r": 0, "color_g": 0, "color_b": 255, "shape": 0, "width": 1024}, {"x": 0.5, "y": 0.5900000000000001, "size": 0.1, "color_name": 8, "color_r": 0, "color_g": 0, "color_b": 255, "shape": 0, "width": 1024}, {"x": 0.83, "y": 0.83, "size": 0.1, "color_name": 8, "color_r": 0, "color_g": 0, "color_b": 255, "shape": 0, "width": 1024}, {"x": 0.9099999999999999, "y": 0.9099999999999999, "size": 0.1, "color_name": 8, "color_r": 0, "color_g": 0, "color_b": 255, "shape": 0, "width": 1024}, {"x": 0.75, "y": 0.42, "size": 0.1, "color_name": 8, "color_r": 0, "color_g": 0, "color_b": 255, "shape": 0, "width": 1024}, {"x": 0.83, "y": 0.33999999999999997, "size": 0.1, "color_name": 8, "color_r": 0, "color_g": 0, "color_b": 255, "shape": 0, "width": 1024}, {"x": 0.83, "y": 0.25999999999999995, "size": 0.1, "color_name": 8, "color_r": 0, "color_g": 0, "color_b": 255, "shape": 0, "width": 1024}, {"x": 0.58, "y": 0.16999999999999998, "size": 0.1, "color_name": 8, "color_r": 0, "color_g": 0, "color_b": 255, "shape": 0, "width": 1024}, {"x": 0.58, "y": 0.08999999999999998, "size": 0.1, "color_name": 8, "color_r": 0, "color_g": 0, "color_b": 255, "shape": 0, "width": 1024}, {"x": 0.16999999999999998, "y": 0.42, "size": 0.1, "color_name": 8, "color_r": 0, "color_g": 0, "color_b": 255, "shape": 0, "width": 1024}, {"x": 0.08999999999999998, "y": 0.5, "size": 0.1, "color_name": 8, "color_r": 0, "color_g": 0, "color_b": 255, "shape": 0, "width": 1024}, {"x": 0.16999999999999998, "y": 0.58, "size": 0.1, "color_name": 8, "color_r": 0, "color_g": 0, "color_b": 255, "shape": 0, "width": 1024}, {"x": 0.25, "y": 0.6599999999999999, "size": 0.1, "color_name": 8, "color_r": 0, "color_g": 0, "color_b": 255, "shape": 0, "width": 1024}, {"x": 0.67, "y": 0.83, "size": 0.1, "color_name": 8, "color_r": 0, "color_g": 0, "color_b": 255, "shape": 0, "width": 1024}, {"x": 0.5900000000000001, "y": 0.9099999999999999, "size": 0.1, "color_name": 8, "color_r": 0, "color_g": 0, "color_b": 255, "shape": 0, "width": 1024}, {"x": 0.83, "y": 0.16999999999999998, "size": 0.1, "color_name": 8, "color_r": 0, "color_g": 0, "color_b": 255, "shape": 0, "width": 1024}], [{"x": 0.42, "y": 0.42, "size": 0.1, "color_name": 142, "color_r": 255, "color_g": 255, "color_b": 0, "shape": 0, "width": 1024}, {"x": 0.33999999999999997, "y": 0.42, "size": 0.1, "color_name": 142, "color_r": 255, "color_g": 255, "color_b": 0, "shape": 0, "width": 1024}, {"x": 0.25999999999999995, "y": 0.42, "size": 0.1, "color_name": 142, "color_r": 255, "color_g": 255, "color_b": 0, "shape": 0, "width": 1024}, {"x": 0.17999999999999994, "y": 0.42, "size": 0.1, "color_name": 142, "color_r": 255, "color_g": 255, "color_b": 0, "shape": 0, "width": 1024}, {"x": 0.67, "y": 0.83, "size": 0.1, "color_name": 142, "color_r": 255, "color_g": 255, "color_b": 0, "shape": 0, "width": 1024}, {"x": 0.5900000000000001, "y": 0.75, "size": 0.1, "color_name": 142, "color_r": 255, "color_g": 255, "color_b": 0, "shape": 0, "width": 1024}, {"x": 0.16999999999999998, "y": 0.25, "size": 0.1, "color_name": 142, "color_r": 255, "color_g": 255, "color_b": 0, "shape": 0, "width": 1024}, {"x": 0.08999999999999998, "y": 0.25, "size": 0.1, "color_name": 142, "color_r": 255, "color_g": 255, "color_b": 0, "shape": 0, "width": 1024}, {"x": 0.33, "y": 0.5, "size": 0.1, "color_name": 142, "color_r": 255, "color_g": 255, "color_b": 0, "shape": 0, "width": 1024}, {"x": 0.41000000000000003, "y": 0.5, "size": 0.1, "color_name": 142, "color_r": 255, "color_g": 255, "color_b": 0, "shape": 0, "width": 1024}, {"x": 0.16999999999999998, "y": 0.58, "size": 0.1, "color_name": 142, "color_r": 255, "color_g": 255, "color_b": 0, "shape": 0, "width": 1024}, {"x": 0.08999999999999998, "y": 0.58, "size": 0.1, "color_name": 142, "color_r": 255, "color_g": 255, "color_b": 0, "shape": 0, "width": 1024}, {"x": 0.08999999999999998, "y": 0.49999999999999994, "size": 0.1, "color_name": 142, "color_r": 255, "color_g": 255, "color_b": 0, "shape": 0, "width": 1024}, {"x": 0.58, "y": 0.33, "size": 0.1, "color_name": 8, "color_r": 0, "color_g": 0, "color_b": 255, "shape": 0, "width": 1024}, {"x": 0.49999999999999994, "y": 0.41000000000000003, "size": 0.1, "color_name": 8, "color_r": 0, "color_g": 0, "color_b": 255, "shape": 0, "width": 1024}, {"x": 0.42, "y": 0.33, "size": 0.1, "color_name": 8, "color_r": 0, "color_g": 0, "color_b": 255, "shape": 0, "width": 1024}, {"x": 0.42, "y": 0.25, "size": 0.1, "color_name": 8, "color_r": 0, "color_g": 0, "color_b": 255, "shape": 0, "width": 1024}, {"x": 0.33999999999999997, "y": 0.16999999999999998, "size": 0.1, "color_name": 8, "color_r": 0, "color_g": 0, "color_b": 255, "shape": 0, "width": 1024}, {"x": 0.16999999999999998, "y": 0.33, "size": 0.1, "color_name": 8, "color_r": 0, "color_g": 0, "color_b": 255, "shape": 0, "width": 1024}, {"x": 0.25, "y": 0.33, "size": 0.1, "color_name": 8, "color_r": 0, "color_g": 0, "color_b": 255, "shape": 0, "width": 1024}, {"x": 0.33, "y": 0.33, "size": 0.1, "color_name": 8, "color_r": 0, "color_g": 0, "color_b": 255, "shape": 0, "width": 1024}], [{"x": 0.16999999999999998, "y": 0.75, "size": 0.1, "color_name": 142, "color_r": 255, "color_g": 255, "color_b": 0, "shape": 0, "width": 1024}, {"x": 0.08999999999999998, "y": 0.83, "size": 0.1, "color_name": 142, "color_r": 255, "color_g": 255, "color_b": 0, "shape": 0, "width": 1024}, {"x": 0.16999999999999998, "y": 0.9099999999999999, "size": 0.1, "color_name": 142, "color_r": 255, "color_g": 255, "color_b": 0, "shape": 0, "width": 1024}, {"x": 0.25, "y": 0.9099999999999999, "size": 0.1, "color_name": 142, "color_r": 255, "color_g": 255, "color_b": 0, "shape": 0, "width": 1024}, {"x": 0.33, "y": 0.25, "size": 0.1, "color_name": 142, "color_r": 255, "color_g": 255, "color_b": 0, "shape": 0, "width": 1024}, {"x": 0.33, "y": 0.16999999999999998, "size": 0.1, "color_name": 142, "color_r": 255, "color_g": 255, "color_b": 0, "shape": 0, "width": 1024}, {"x": 0.25, "y": 0.16999999999999998, "size": 0.1, "color_name": 142, "color_r": 255, "color_g": 255, "color_b": 0, "shape": 0, "width": 1024}, {"x": 0.42, "y": 0.33, "size": 0.1, "color_name": 142, "color_r": 255, "color_g": 255, "color_b": 0, "shape": 0, "width": 1024}, {"x": 0.42, "y": 0.25, "size": 0.1, "color_name": 142, "color_r": 255, "color_g": 255, "color_b": 0, "shape": 0, "width": 1024}, {"x": 0.16999999999999998, "y": 0.16999999999999998, "size": 0.1, "color_name": 142, "color_r": 255, "color_g": 255, "color_b": 0, "shape": 0, "width": 1024}, {"x": 0.16999999999999998, "y": 0.25, "size": 0.1, "color_name": 142, "color_r": 255, "color_g": 255, "color_b": 0, "shape": 0, "width": 1024}, {"x": 0.08999999999999998, "y": 0.16999999999999998, "size": 0.1, "color_name": 142, "color_r": 255, "color_g": 255, "color_b": 0, "shape": 0, "width": 1024}, {"x": 0.08999999999999998, "y": 0.25, "size": 0.1, "color_name": 142, "color_r": 255, "color_g": 255, "color_b": 0, "shape": 0, "width": 1024}, {"x": 0.42, "y": 0.42, "size": 0.1, "color_name": 142, "color_r": 255, "color_g": 255, "color_b": 0, "shape": 0, "width": 1024}, {"x": 0.33999999999999997, "y": 0.42, "size": 0.1, "color_name": 142, "color_r": 255, "color_g": 255, "color_b": 0, "shape": 0, "width": 1024}, {"x": 0.42, "y": 0.83, "size": 0.1, "color_name": 142, "color_r": 255, "color_g": 255, "color_b": 0, "shape": 0, "width": 1024}, {"x": 0.33999999999999997, "y": 0.75, "size": 0.1, "color_name": 142, "color_r": 255, "color_g": 255, "color_b": 0, "shape": 0, "width": 1024}, {"x": 0.25999999999999995, "y": 0.67, "size": 0.1, "color_name": 142, "color_r": 255, "color_g": 255, "color_b": 0, "shape": 0, "width": 1024}, {"x": 0.17999999999999994, "y": 0.67, "size": 0.1, "color_name": 142, "color_r": 255, "color_g": 255, "color_b": 0, "shape": 0, "width": 1024}, {"x": 0.83, "y": 0.33, "size": 0.1, "color_name": 142, "color_r": 255, "color_g": 255, "color_b": 0, "shape": 0, "width": 1024}, {"x": 0.9099999999999999, "y": 0.25, "size": 0.1, "color_name": 142, "color_r": 255, "color_g": 255, "color_b": 0, "shape": 0, "width": 1024}, {"x": 0.25, "y": 0.42, "size": 0.1, "color_name": 8, "color_r": 0, "color_g": 0, "color_b": 255, "shape": 0, "width": 1024}, {"x": 0.33, "y": 0.5, "size": 0.1, "color_name": 8, "color_r": 0, "color_g": 0, "color_b": 255, "shape": 0, "width": 1024}, {"x": 0.58, "y": 0.33, "size": 0.1, "color_name": 8, "color_r": 0, "color_g": 0, "color_b": 255, "shape": 0, "width": 1024}, {"x": 0.6599999999999999, "y": 0.41000000000000003, "size": 0.1, "color_name": 8, "color_r": 0, "color_g": 0, "color_b": 255, "shape": 0, "width": 1024}, {"x": 0.7399999999999999, "y": 0.33, "size": 0.1, "color_name": 8, "color_r": 0, "color_g": 0, "color_b": 255, "shape": 0, "width": 1024}, {"x": 0.8199999999999998, "y": 0.41000000000000003, "size": 0.1, "color_name": 8, "color_r": 0, "color_g": 0, "color_b": 255, "shape": 0, "width": 1024}, {"x": 0.58, "y": 0.67, "size": 0.1, "color_name": 8, "color_r": 0, "color_g": 0, "color_b": 255, "shape": 0, "width": 1024}, {"x": 0.6599999999999999, "y": 0.75, "size": 0.1, "color_name": 8, "color_r": 0, "color_g": 0, "color_b": 255, "shape": 0, "width": 1024}, {"x": 0.58, "y": 0.83, "size": 0.1, "color_name": 8, "color_r": 0, "color_g": 0, "color_b": 255, "shape": 0, "width": 1024}, {"x": 0.6599999999999999, "y": 0.9099999999999999, "size": 0.1, "color_name": 8, "color_r": 0, "color_g": 0, "color_b": 255, "shape": 0, "width": 1024}, {"x": 0.16999999999999998, "y": 0.58, "size": 0.1, "color_name": 8, "color_r": 0, "color_g": 0, "color_b": 255, "shape": 0, "width": 1024}, {"x": 0.08999999999999998, "y": 0.58, "size": 0.1, "color_name": 8, "color_r": 0, "color_g": 0, "color_b": 255, "shape": 0, "width": 1024}, {"x": 0.33, "y": 0.33, "size": 0.1, "color_name": 8, "color_r": 0, "color_g": 0, "color_b": 255, "shape": 0, "width": 1024}, {"x": 0.25, "y": 0.33, "size": 0.1, "color_name": 8, "color_r": 0, "color_g": 0, "color_b": 255, "shape": 0, "width": 1024}, {"x": 0.16999999999999998, "y": 0.33, "size": 0.1, "color_name": 8, "color_r": 0, "color_g": 0, "color_b": 255, "shape": 0, "width": 1024}, {"x": 0.58, "y": 0.16999999999999998, "size": 0.1, "color_name": 8, "color_r": 0, "color_g": 0, "color_b": 255, "shape": 0, "width": 1024}, {"x": 0.6599999999999999, "y": 0.08999999999999998, "size": 0.1, "color_name": 8, "color_r": 0, "color_g": 0, "color_b": 255, "shape": 0, "width": 1024}, {"x": 0.7399999999999999, "y": 0.16999999999999998, "size": 0.1, "color_name": 8, "color_r": 0, "color_g": 0, "color_b": 255, "shape": 0, "width": 1024}, {"x": 0.8199999999999998, "y": 0.08999999999999998, "size": 0.1, "color_name": 8, "color_r": 0, "color_g": 0, "color_b": 255, "shape": 0, "width": 1024}], [{"x": 0.83, "y": 0.67, "size": 0.1, "color_name": 142, "color_r": 255, "color_g": 255, "color_b": 0, "shape": 0, "width": 1024}, {"x": 0.75, "y": 0.5900000000000001, "size": 0.1, "color_name": 142, "color_r": 255, "color_g": 255, "color_b": 0, "shape": 0, "width": 1024}, {"x": 0.67, "y": 0.5100000000000001, "size": 0.1, "color_name": 142, "color_r": 255, "color_g": 255, "color_b": 0, "shape": 0, "width": 1024}, {"x": 0.25, "y": 0.33, "size": 0.1, "color_name": 142, "color_r": 255, "color_g": 255, "color_b": 0, "shape": 0, "width": 1024}, {"x": 0.16999999999999998, "y": 0.25, "size": 0.1, "color_name": 142, "color_r": 255, "color_g": 255, "color_b": 0, "shape": 0, "width": 1024}, {"x": 0.16999999999999998, "y": 0.16999999999999998, "size": 0.1, "color_name": 142, "color_r": 255, "color_g": 255, "color_b": 0, "shape": 0, "width": 1024}, {"x": 0.08999999999999998, "y": 0.25, "size": 0.1, "color_name": 142, "color_r": 255, "color_g": 255, "color_b": 0, "shape": 0, "width": 1024}, {"x": 0.33, "y": 0.16999999999999998, "size": 0.1, "color_name": 142, "color_r": 255, "color_g": 255, "color_b": 0, "shape": 0, "width": 1024}, {"x": 0.41000000000000003, "y": 0.08999999999999998, "size": 0.1, "color_name": 142, "color_r": 255, "color_g": 255, "color_b": 0, "shape": 0, "width": 1024}, {"x": 0.33, "y": 0.08999999999999998, "size": 0.1, "color_name": 142, "color_r": 255, "color_g": 255, "color_b": 0, "shape": 0, "width": 1024}, {"x": 0.25, "y": 0.08999999999999998, "size": 0.1, "color_name": 142, "color_r": 255, "color_g": 255, "color_b": 0, "shape": 0, "width": 1024}, {"x": 0.33, "y": 0.75, "size": 0.1, "color_name": 142, "color_r": 255, "color_g": 255, "color_b": 0, "shape": 0, "width": 1024}, {"x": 0.41000000000000003, "y": 0.83, "size": 0.1, "color_name": 142, "color_r": 255, "color_g": 255, "color_b": 0, "shape": 0, "width": 1024}, {"x": 0.49000000000000005, "y": 0.75, "size": 0.1, "color_name": 142, "color_r": 255, "color_g": 255, "color_b": 0, "shape": 0, "width": 1024}, {"x": 0.5700000000000001, "y": 0.83, "size": 0.1, "color_name": 142, "color_r": 255, "color_g": 255, "color_b": 0, "shape": 0, "width": 1024}, {"x": 0.16999999999999998, "y": 0.83, "size": 0.1, "color_name": 142, "color_r": 255, "color_g": 255, "color_b": 0, "shape": 0, "width": 1024}, {"x": 0.08999999999999998, "y": 0.9099999999999999, "size": 0.1, "color_name": 142, "color_r": 255, "color_g": 255, "color_b": 0, "shape": 0, "width": 1024}, {"x": 0.5, "y": 0.16999999999999998, "size": 0.1, "color_name": 142, "color_r": 255, "color_g": 255, "color_b": 0, "shape": 0, "width": 1024}, {"x": 0.42, "y": 0.25, "size": 0.1, "color_name": 142, "color_r": 255, "color_g": 255, "color_b": 0, "shape": 0, "width": 1024}, {"x": 0.5, "y": 0.33, "size": 0.1, "color_name": 8, "color_r": 0, "color_g": 0, "color_b": 255, "shape": 0, "width": 1024}, {"x": 0.58, "y": 0.41000000000000003, "size": 0.1, "color_name": 8, "color_r": 0, "color_g": 0, "color_b": 255, "shape": 0, "width": 1024}, {"x": 0.49999999999999994, "y": 0.41000000000000003, "size": 0.1, "color_name": 8, "color_r": 0, "color_g": 0, "color_b": 255, "shape": 0, "width": 1024}, {"x": 0.16999999999999998, "y": 0.42, "size": 0.1, "color_name": 8, "color_r": 0, "color_g": 0, "color_b": 255, "shape": 0, "width": 1024}, {"x": 0.08999999999999998, "y": 0.33999999999999997, "size": 0.1, "color_name": 8, "color_r": 0, "color_g": 0, "color_b": 255, "shape": 0, "width": 1024}, {"x": 0.16999999999999998, "y": 0.33999999999999997, "size": 0.1, "color_name": 8, "color_r": 0, "color_g": 0, "color_b": 255, "shape": 0, "width": 1024}, {"x": 0.25, "y": 0.42, "size": 0.1, "color_name": 8, "color_r": 0, "color_g": 0, "color_b": 255, "shape": 0, "width": 1024}, {"x": 0.25, "y": 0.16999999999999998, "size": 0.1, "color_name": 8, "color_r": 0, "color_g": 0, "color_b": 255, "shape": 0, "width": 1024}, {"x": 0.16999999999999998, "y": 0.08999999999999998, "size": 0.1, "color_name": 8, "color_r": 0, "color_g": 0, "color_b": 255, "shape": 0, "width": 1024}, {"x": 0.42, "y": 0.67, "size": 0.1, "color_name": 8, "color_r": 0, "color_g": 0, "color_b": 255, "shape": 0, "width": 1024}, {"x": 0.33999999999999997, "y": 0.5900000000000001, "size": 0.1, "color_name": 8, "color_r": 0, "color_g": 0, "color_b": 255, "shape": 0, "width": 1024}, {"x": 0.67, "y": 0.67, "size": 0.1, "color_name": 8, "color_r": 0, "color_g": 0, "color_b": 255, "shape": 0, "width": 1024}, {"x": 0.5900000000000001, "y": 0.5900000000000001, "size": 0.1, "color_name": 8, "color_r": 0, "color_g": 0, "color_b": 255, "shape": 0, "width": 1024}, {"x": 0.5100000000000001, "y": 0.5100000000000001, "size": 0.1, "color_name": 8, "color_r": 0, "color_g": 0, "color_b": 255, "shape": 0, "width": 1024}, {"x": 0.4300000000000001, "y": 0.5900000000000001, "size": 0.1, "color_name": 8, "color_r": 0, "color_g": 0, "color_b": 255, "shape": 0, "width": 1024}, {"x": 0.42, "y": 0.5, "size": 0.1, "color_name": 8, "color_r": 0, "color_g": 0, "color_b": 255, "shape": 0, "width": 1024}], [{"x": 0.16999999999999998, "y": 0.83, "size": 0.1, "color_name": 142, "color_r": 255, "color_g": 255, "color_b": 0, "shape": 0, "width": 1024}, {"x": 0.08999999999999998, "y": 0.83, "size": 0.1, "color_name": 142, "color_r": 255, "color_g": 255, "color_b": 0, "shape": 0, "width": 1024}, {"x": 0.33, "y": 0.5, "size": 0.1, "color_name": 142, "color_r": 255, "color_g": 255, "color_b": 0, "shape": 0, "width": 1024}, {"x": 0.33, "y": 0.42, "size": 0.1, "color_name": 142, "color_r": 255, "color_g": 255, "color_b": 0, "shape": 0, "width": 1024}, {"x": 0.25, "y": 0.33999999999999997, "size": 0.1, "color_name": 142, "color_r": 255, "color_g": 255, "color_b": 0, "shape": 0, "width": 1024}, {"x": 0.33, "y": 0.33999999999999997, "size": 0.1, "color_name": 142, "color_r": 255, "color_g": 255, "color_b": 0, "shape": 0, "width": 1024}, {"x": 0.16999999999999998, "y": 0.42, "size": 0.1, "color_name": 142, "color_r": 255, "color_g": 255, "color_b": 0, "shape": 0, "width": 1024}, {"x": 0.16999999999999998, "y": 0.33999999999999997, "size": 0.1, "color_name": 142, "color_r": 255, "color_g": 255, "color_b": 0, "shape": 0, "width": 1024}, {"x": 0.25, "y": 0.25999999999999995, "size": 0.1, "color_name": 142, "color_r": 255, "color_g": 255, "color_b": 0, "shape": 0, "width": 1024}, {"x": 0.33, "y": 0.17999999999999994, "size": 0.1, "color_name": 142, "color_r": 255, "color_g": 255, "color_b": 0, "shape": 0, "width": 1024}, {"x": 0.16999999999999998, "y": 0.58, "size": 0.1, "color_name": 142, "color_r": 255, "color_g": 255, "color_b": 0, "shape": 0, "width": 1024}, {"x": 0.25, "y": 0.6599999999999999, "size": 0.1, "color_name": 142, "color_r": 255, "color_g": 255, "color_b": 0, "shape": 0, "width": 1024}, {"x": 0.33, "y": 0.7399999999999999, "size": 0.1, "color_name": 142, "color_r": 255, "color_g": 255, "color_b": 0, "shape": 0, "width": 1024}, {"x": 0.75, "y": 0.42, "size": 0.1, "color_name": 142, "color_r": 255, "color_g": 255, "color_b": 0, "shape": 0, "width": 1024}, {"x": 0.75, "y": 0.33999999999999997, "size": 0.1, "color_name": 142, "color_r": 255, "color_g": 255, "color_b": 0, "shape": 0, "width": 1024}, {"x": 0.75, "y": 0.25999999999999995, "size": 0.1, "color_name": 142, "color_r": 255, "color_g": 255, "color_b": 0, "shape": 0, "width": 1024}, {"x": 0.42, "y": 0.33, "size": 0.1, "color_name": 142, "color_r": 255, "color_g": 255, "color_b": 0, "shape": 0, "width": 1024}, {"x": 0.5, "y": 0.41000000000000003, "size": 0.1, "color_name": 142, "color_r": 255, "color_g": 255, "color_b": 0, "shape": 0, "width": 1024}, {"x": 0.42, "y": 0.49000000000000005, "size": 0.1, "color_name": 142, "color_r": 255, "color_g": 255, "color_b": 0, "shape": 0, "width": 1024}, {"x": 0.16999999999999998, "y": 0.25, "size": 0.1, "color_name": 8, "color_r": 0, "color_g": 0, "color_b": 255, "shape": 0, "width": 1024}, {"x": 0.08999999999999998, "y": 0.33, "size": 0.1, "color_name": 8, "color_r": 0, "color_g": 0, "color_b": 255, "shape": 0, "width": 1024}, {"x": 0.08999999999999998, "y": 0.41000000000000003, "size": 0.1, "color_name": 8, "color_r": 0, "color_g": 0, "color_b": 255, "shape": 0, "width": 1024}, {"x": 0.25, "y": 0.42, "size": 0.1, "color_name": 8, "color_r": 0, "color_g": 0, "color_b": 255, "shape": 0, "width": 1024}, {"x": 0.5, "y": 0.33, "size": 0.1, "color_name": 8, "color_r": 0, "color_g": 0, "color_b": 255, "shape": 0, "width": 1024}, {"x": 0.42, "y": 0.25, "size": 0.1, "color_name": 8, "color_r": 0, "color_g": 0, "color_b": 255, "shape": 0, "width": 1024}, {"x": 0.5, "y": 0.16999999999999998, "size": 0.1, "color_name": 8, "color_r": 0, "color_g": 0, "color_b": 255, "shape": 0, "width": 1024}, {"x": 0.42, "y": 0.58, "size": 0.1, "color_name": 8, "color_r": 0, "color_g": 0, "color_b": 255, "shape": 0, "width": 1024}, {"x": 0.33999999999999997, "y": 0.6599999999999999, "size": 0.1, "color_name": 8, "color_r": 0, "color_g": 0, "color_b": 255, "shape": 0, "width": 1024}, {"x": 0.67, "y": 0.67, "size": 0.1, "color_name": 8, "color_r": 0, "color_g": 0, "color_b": 255, "shape": 0, "width": 1024}, {"x": 0.75, "y": 0.5900000000000001, "size": 0.1, "color_name": 8, "color_r": 0, "color_g": 0, "color_b": 255, "shape": 0, "width": 1024}, {"x": 0.67, "y": 0.5100000000000001, "size": 0.1, "color_name": 8, "color_r": 0, "color_g": 0, "color_b": 255, "shape": 0, "width": 1024}, {"x": 0.42, "y": 0.16999999999999998, "size": 0.1, "color_name": 8, "color_r": 0, "color_g": 0, "color_b": 255, "shape": 0, "width": 1024}, {"x": 0.42, "y": 0.08999999999999998, "size": 0.1, "color_name": 8, "color_r": 0, "color_g": 0, "color_b": 255, "shape": 0, "width": 1024}, {"x": 0.33999999999999997, "y": 0.08999999999999998, "size": 0.1, "color_name": 8, "color_r": 0, "color_g": 0, "color_b": 255, "shape": 0, "width": 1024}, {"x": 0.83, "y": 0.58, "size": 0.1, "color_name": 8, "color_r": 0, "color_g": 0, "color_b": 255, "shape": 0, "width": 1024}], [{"x": 0.83, "y": 0.42, "size": 0.1, "color_name": 142, "color_r": 255, "color_g": 255, "color_b": 0, "shape": 0, "width": 1024}, {"x": 0.75, "y": 0.33999999999999997, "size": 0.1, "color_name": 142, "color_r": 255, "color_g": 255, "color_b": 0, "shape": 0, "width": 1024}, {"x": 0.75, "y": 0.25999999999999995, "size": 0.1, "color_name": 142, "color_r": 255, "color_g": 255, "color_b": 0, "shape": 0, "width": 1024}, {"x": 0.75, "y": 0.17999999999999994, "size": 0.1, "color_name": 142, "color_r": 255, "color_g": 255, "color_b": 0, "shape": 0, "width": 1024}, {"x": 0.25, "y": 0.16999999999999998, "size": 0.1, "color_name": 142, "color_r": 255, "color_g": 255, "color_b": 0, "shape": 0, "width": 1024}, {"x": 0.33, "y": 0.16999999999999998, "size": 0.1, "color_name": 142, "color_r": 255, "color_g": 255, "color_b": 0, "shape": 0, "width": 1024}, {"x": 0.41000000000000003, "y": 0.25, "size": 0.1, "color_name": 142, "color_r": 255, "color_g": 255, "color_b": 0, "shape": 0, "width": 1024}, {"x": 0.83, "y": 0.83, "size": 0.1, "color_name": 142, "color_r": 255, "color_g": 255, "color_b": 0, "shape": 0, "width": 1024}, {"x": 0.9099999999999999, "y": 0.75, "size": 0.1, "color_name": 142, "color_r": 255, "color_g": 255, "color_b": 0, "shape": 0, "width": 1024}, {"x": 0.83, "y": 0.67, "size": 0.1, "color_name": 142, "color_r": 255, "color_g": 255, "color_b": 0, "shape": 0, "width": 1024}, {"x": 0.42, "y": 0.75, "size": 0.1, "color_name": 142, "color_r": 255, "color_g": 255, "color_b": 0, "shape": 0, "width": 1024}, {"x": 0.33999999999999997, "y": 0.75, "size": 0.1, "color_name": 142, "color_r": 255, "color_g": 255, "color_b": 0, "shape": 0, "width": 1024}, {"x": 0.58, "y": 0.42, "size": 0.1, "color_name": 142, "color_r": 255, "color_g": 255, "color_b": 0, "shape": 0, "width": 1024}, {"x": 0.58, "y": 0.33999999999999997, "size": 0.1, "color_name": 142, "color_r": 255, "color_g": 255, "color_b": 0, "shape": 0, "width": 1024}, {"x": 0.67, "y": 0.67, "size": 0.1, "color_name": 8, "color_r": 0, "color_g": 0, "color_b": 255, "shape": 0, "width": 1024}, {"x": 0.75, "y": 0.5900000000000001, "size": 0.1, "color_name": 8, "color_r": 0, "color_g": 0, "color_b": 255, "shape": 0, "width": 1024}, {"x": 0.16999999999999998, "y": 0.33, "size": 0.1, "color_name": 8, "color_r": 0, "color_g": 0, "color_b": 255, "shape": 0, "width": 1024}, {"x": 0.08999999999999998, "y": 0.25, "size": 0.1, "color_name": 8, "color_r": 0, "color_g": 0, "color_b": 255, "shape": 0, "width": 1024}, {"x": 0.42, "y": 0.16999999999999998, "size": 0.1, "color_name": 8, "color_r": 0, "color_g": 0, "color_b": 255, "shape": 0, "width": 1024}, {"x": 0.33999999999999997, "y": 0.08999999999999998, "size": 0.1, "color_name": 8, "color_r": 0, "color_g": 0, "color_b": 255, "shape": 0, "width": 1024}, {"x": 0.42, "y": 0.08999999999999998, "size": 0.1, "color_name": 8, "color_r": 0, "color_g": 0, "color_b": 255, "shape": 0, "width": 1024}, {"x": 0.67, "y": 0.58, "size": 0.1, "color_name": 8, "color_r": 0, "color_g": 0, "color_b": 255, "shape": 0, "width": 1024}, {"x": 0.5900000000000001, "y": 0.49999999999999994, "size": 0.1, "color_name": 8, "color_r": 0, "color_g": 0, "color_b": 255, "shape": 0, "width": 1024}, {"x": 0.5100000000000001, "y": 0.58, "size": 0.1, "color_name": 8, "color_r": 0, "color_g": 0, "color_b": 255, "shape": 0, "width": 1024}, {"x": 0.4300000000000001, "y": 0.6599999999999999, "size": 0.1, "color_name": 8, "color_r": 0, "color_g": 0, "color_b": 255, "shape": 0, "width": 1024}, {"x": 0.42, "y": 0.42, "size": 0.1, "color_name": 8, "color_r": 0, "color_g": 0, "color_b": 255, "shape": 0, "width": 1024}, {"x": 0.33999999999999997, "y": 0.5, "size": 0.1, "color_name": 8, "color_r": 0, "color_g": 0, "color_b": 255, "shape": 0, "width": 1024}, {"x": 0.25999999999999995, "y": 0.42, "size": 0.1, "color_name": 8, "color_r": 0, "color_g": 0, "color_b": 255, "shape": 0, "width": 1024}, {"x": 0.16999999999999998, "y": 0.25, "size": 0.1, "color_name": 8, "color_r": 0, "color_g": 0, "color_b": 255, "shape": 0, "width": 1024}, {"x": 0.25, "y": 0.33, "size": 0.1, "color_name": 8, "color_r": 0, "color_g": 0, "color_b": 255, "shape": 0, "width": 1024}], [{"x": 0.25, "y": 0.16999999999999998, "size": 0.1, "color_name": 142, "color_r": 255, "color_g": 255, "color_b": 0, "shape": 0, "width": 1024}, {"x": 0.16999999999999998, "y": 0.25, "size": 0.1, "color_name": 142, "color_r": 255, "color_g": 255, "color_b": 0, "shape": 0, "width": 1024}, {"x": 0.16999999999999998, "y": 0.16999999999999998, "size": 0.1, "color_name": 142, "color_r": 255, "color_g": 255, "color_b": 0, "shape": 0, "width": 1024}, {"x": 0.33, "y": 0.42, "size": 0.1, "color_name": 142, "color_r": 255, "color_g": 255, "color_b": 0, "shape": 0, "width": 1024}, {"x": 0.41000000000000003, "y": 0.5, "size": 0.1, "color_name": 142, "color_r": 255, "color_g": 255, "color_b": 0, "shape": 0, "width": 1024}, {"x": 0.49000000000000005, "y": 0.5, "size": 0.1, "color_name": 142, "color_r": 255, "color_g": 255, "color_b": 0, "shape": 0, "width": 1024}, {"x": 0.33, "y": 0.83, "size": 0.1, "color_name": 142, "color_r": 255, "color_g": 255, "color_b": 0, "shape": 0, "width": 1024}, {"x": 0.41000000000000003, "y": 0.83, "size": 0.1, "color_name": 142, "color_r": 255, "color_g": 255, "color_b": 0, "shape": 0, "width": 1024}, {"x": 0.49000000000000005, "y": 0.9099999999999999, "size": 0.1, "color_name": 142, "color_r": 255, "color_g": 255, "color_b": 0, "shape": 0, "width": 1024}, {"x": 0.33, "y": 0.33, "size": 0.1, "color_name": 142, "color_r": 255, "color_g": 255, "color_b": 0, "shape": 0, "width": 1024}, {"x": 0.25, "y": 0.33, "size": 0.1, "color_name": 142, "color_r": 255, "color_g": 255, "color_b": 0, "shape": 0, "width": 1024}, {"x": 0.67, "y": 0.33, "size": 0.1, "color_name": 142, "color_r": 255, "color_g": 255, "color_b": 0, "shape": 0, "width": 1024}, {"x": 0.5900000000000001, "y": 0.41000000000000003, "size": 0.1, "color_name": 142, "color_r": 255, "color_g": 255, "color_b": 0, "shape": 0, "width": 1024}, {"x": 0.58, "y": 0.58, "size": 0.1, "color_name": 8, "color_r": 0, "color_g": 0, "color_b": 255, "shape": 0, "width": 1024}, {"x": 0.6599999999999999, "y": 0.49999999999999994, "size": 0.1, "color_name": 8, "color_r": 0, "color_g": 0, "color_b": 255, "shape": 0, "width": 1024}, {"x": 0.7399999999999999, "y": 0.41999999999999993, "size": 0.1, "color_name": 8, "color_r": 0, "color_g": 0, "color_b": 255, "shape": 0, "width": 1024}, {"x": 0.8199999999999998, "y": 0.49999999999999994, "size": 0.1, "color_name": 8, "color_r": 0, "color_g": 0, "color_b": 255, "shape": 0, "width": 1024}, {"x": 0.67, "y": 0.16999999999999998, "size": 0.1, "color_name": 8, "color_r": 0, "color_g": 0, "color_b": 255, "shape": 0, "width": 1024}, {"x": 0.67, "y": 0.08999999999999998, "size": 0.1, "color_name": 8, "color_r": 0, "color_g": 0, "color_b": 255, "shape": 0, "width": 1024}, {"x": 0.33, "y": 0.16999999999999998, "size": 0.1, "color_name": 8, "color_r": 0, "color_g": 0, "color_b": 255, "shape": 0, "width": 1024}, {"x": 0.41000000000000003, "y": 0.08999999999999998, "size": 0.1, "color_name": 8, "color_r": 0, "color_g": 0, "color_b": 255, "shape": 0, "width": 1024}, {"x": 0.33, "y": 0.08999999999999998, "size": 0.1, "color_name": 8, "color_r": 0, "color_g": 0, "color_b": 255, "shape": 0, "width": 1024}], [{"x": 0.33, "y": 0.42, "size": 0.1, "color_name": 142, "color_r": 255, "color_g": 255, "color_b": 0, "shape": 0, "width": 1024}, {"x": 0.33, "y": 0.5, "size": 0.1, "color_name": 142, "color_r": 255, "color_g": 255, "color_b": 0, "shape": 0, "width": 1024}, {"x": 0.16999999999999998, "y": 0.25, "size": 0.1, "color_name": 142, "color_r": 255, "color_g": 255, "color_b": 0, "shape": 0, "width": 1024}, {"x": 0.08999999999999998, "y": 0.33, "size": 0.1, "color_name": 142, "color_r": 255, "color_g": 255, "color_b": 0, "shape": 0, "width": 1024}, {"x": 0.58, "y": 0.58, "size": 0.1, "color_name": 142, "color_r": 255, "color_g": 255, "color_b": 0, "shape": 0, "width": 1024}, {"x": 0.49999999999999994, "y": 0.6599999999999999, "size": 0.1, "color_name": 142, "color_r": 255, "color_g": 255, "color_b": 0, "shape": 0, "width": 1024}, {"x": 0.41999999999999993, "y": 0.7399999999999999, "size": 0.1, "color_name": 142, "color_r": 255, "color_g": 255, "color_b": 0, "shape": 0, "width": 1024}, {"x": 0.3399999999999999, "y": 0.6599999999999999, "size": 0.1, "color_name": 142, "color_r": 255, "color_g": 255, "color_b": 0, "shape": 0, "width": 1024}, {"x": 0.16999999999999998, "y": 0.75, "size": 0.1, "color_name": 142, "color_r": 255, "color_g": 255, "color_b": 0, "shape": 0, "width": 1024}, {"x": 0.08999999999999998, "y": 0.67, "size": 0.1, "color_name": 142, "color_r": 255, "color_g": 255, "color_b": 0, "shape": 0, "width": 1024}, {"x": 0.16999999999999998, "y": 0.5900000000000001, "size": 0.1, "color_name": 142, "color_r": 255, "color_g": 255, "color_b": 0, "shape": 0, "width": 1024}, {"x": 0.08999999999999998, "y": 0.5100000000000001, "size": 0.1, "color_name": 142, "color_r": 255, "color_g": 255, "color_b": 0, "shape": 0, "width": 1024}, {"x": 0.33, "y": 0.83, "size": 0.1, "color_name": 142, "color_r": 255, "color_g": 255, "color_b": 0, "shape": 0, "width": 1024}, {"x": 0.25, "y": 0.9099999999999999, "size": 0.1, "color_name": 142, "color_r": 255, "color_g": 255, "color_b": 0, "shape": 0, "width": 1024}, {"x": 0.16999999999999998, "y": 0.9099999999999999, "size": 0.1, "color_name": 142, "color_r": 255, "color_g": 255, "color_b": 0, "shape": 0, "width": 1024}, {"x": 0.67, "y": 0.83, "size": 0.1, "color_name": 8, "color_r": 0, "color_g": 0, "color_b": 255, "shape": 0, "width": 1024}, {"x": 0.75, "y": 0.9099999999999999, "size": 0.1, "color_name": 8, "color_r": 0, "color_g": 0, "color_b": 255, "shape": 0, "width": 1024}, {"x": 0.67, "y": 0.58, "size": 0.1, "color_name": 8, "color_r": 0, "color_g": 0, "color_b": 255, "shape": 0, "width": 1024}, {"x": 0.5900000000000001, "y": 0.49999999999999994, "size": 0.1, "color_name": 8, "color_r": 0, "color_g": 0, "color_b": 255, "shape": 0, "width": 1024}, {"x": 0.67, "y": 0.67, "size": 0.1, "color_name": 8, "color_r": 0, "color_g": 0, "color_b": 255, "shape": 0, "width": 1024}, {"x": 0.5900000000000001, "y": 0.75, "size": 0.1, "color_name": 8, "color_r": 0, "color_g": 0, "color_b": 255, "shape": 0, "width": 1024}, {"x": 0.5100000000000001, "y": 0.83, "size": 0.1, "color_name": 8, "color_r": 0, "color_g": 0, "color_b": 255, "shape": 0, "width": 1024}, {"x": 0.42, "y": 0.83, "size": 0.1, "color_name": 8, "color_r": 0, "color_g": 0, "color_b": 255, "shape": 0, "width": 1024}, {"x": 0.33999999999999997, "y": 0.75, "size": 0.1, "color_name": 8, "color_r": 0, "color_g": 0, "color_b": 255, "shape": 0, "width": 1024}, {"x": 0.25999999999999995, "y": 0.67, "size": 0.1, "color_name": 8, "color_r": 0, "color_g": 0, "color_b": 255, "shape": 0, "width": 1024}, {"x": 0.17999999999999994, "y": 0.67, "size": 0.1, "color_name": 8, "color_r": 0, "color_g": 0, "color_b": 255, "shape": 0, "width": 1024}, {"x": 0.42, "y": 0.33, "size": 0.1, "color_name": 8, "color_r": 0, "color_g": 0, "color_b": 255, "shape": 0, "width": 1024}, {"x": 0.33999999999999997, "y": 0.25, "size": 0.1, "color_name": 8, "color_r": 0, "color_g": 0, "color_b": 255, "shape": 0, "width": 1024}, {"x": 0.25999999999999995, "y": 0.16999999999999998, "size": 0.1, "color_name": 8, "color_r": 0, "color_g": 0, "color_b": 255, "shape": 0, "width": 1024}, {"x": 0.25999999999999995, "y": 0.08999999999999998, "size": 0.1, "color_name": 8, "color_r": 0, "color_g": 0, "color_b": 255, "shape": 0, "width": 1024}, {"x": 0.16999999999999998, "y": 0.16999999999999998, "size": 0.1, "color_name": 8, "color_r": 0, "color_g": 0, "color_b": 255, "shape": 0, "width": 1024}, {"x": 0.08999999999999998, "y": 0.16999999999999998, "size": 0.1, "color_name": 8, "color_r": 0, "color_g": 0, "color_b": 255, "shape": 0, "width": 1024}, {"x": 0.83, "y": 0.33, "size": 0.1, "color_name": 8, "color_r": 0, "color_g": 0, "color_b": 255, "shape": 0, "width": 1024}, {"x": 0.75, "y": 0.41000000000000003, "size": 0.1, "color_name": 8, "color_r": 0, "color_g": 0, "color_b": 255, "shape": 0, "width": 1024}, {"x": 0.83, "y": 0.49000000000000005, "size": 0.1, "color_name": 8, "color_r": 0, "color_g": 0, "color_b": 255, "shape": 0, "width": 1024}], [{"x": 0.83, "y": 0.16999999999999998, "size": 0.1, "color_name": 142, "color_r": 255, "color_g": 255, "color_b": 0, "shape": 0, "width": 1024}, {"x": 0.9099999999999999, "y": 0.08999999999999998, "size": 0.1, "color_name": 142, "color_r": 255, "color_g": 255, "color_b": 0, "shape": 0, "width": 1024}, {"x": 0.25, "y": 0.42, "size": 0.1, "color_name": 142, "color_r": 255, "color_g": 255, "color_b": 0, "shape": 0, "width": 1024}, {"x": 0.33, "y": 0.33999999999999997, "size": 0.1, "color_name": 142, "color_r": 255, "color_g": 255, "color_b": 0, "shape": 0, "width": 1024}, {"x": 0.41000000000000003, "y": 0.42, "size": 0.1, "color_name": 142, "color_r": 255, "color_g": 255, "color_b": 0, "shape": 0, "width": 1024}, {"x": 0.33, "y": 0.16999999999999998, "size": 0.1, "color_name": 142, "color_r": 255, "color_g": 255, "color_b": 0, "shape": 0, "width": 1024}, {"x": 0.41000000000000003, "y": 0.16999999999999998, "size": 0.1, "color_name": 142, "color_r": 255, "color_g": 255, "color_b": 0, "shape": 0, "width": 1024}, {"x": 0.33, "y": 0.08999999999999998, "size": 0.1, "color_name": 142, "color_r": 255, "color_g": 255, "color_b": 0, "shape": 0, "width": 1024}, {"x": 0.5, "y": 0.16999999999999998, "size": 0.1, "color_name": 142, "color_r": 255, "color_g": 255, "color_b": 0, "shape": 0, "width": 1024}, {"x": 0.42, "y": 0.25, "size": 0.1, "color_name": 142, "color_r": 255, "color_g": 255, "color_b": 0, "shape": 0, "width": 1024}, {"x": 0.67, "y": 0.42, "size": 0.1, "color_name": 142, "color_r": 255, "color_g": 255, "color_b": 0, "shape": 0, "width": 1024}, {"x": 0.5900000000000001, "y": 0.33999999999999997, "size": 0.1, "color_name": 142, "color_r": 255, "color_g": 255, "color_b": 0, "shape": 0, "width": 1024}, {"x": 0.58, "y": 0.58, "size": 0.1, "color_name": 142, "color_r": 255, "color_g": 255, "color_b": 0, "shape": 0, "width": 1024}, {"x": 0.49999999999999994, "y": 0.6599999999999999, "size": 0.1, "color_name": 142, "color_r": 255, "color_g": 255, "color_b": 0, "shape": 0, "width": 1024}, {"x": 0.41999999999999993, "y": 0.58, "size": 0.1, "color_name": 142, "color_r": 255, "color_g": 255, "color_b": 0, "shape": 0, "width": 1024}, {"x": 0.67, "y": 0.16999999999999998, "size": 0.1, "color_name": 8, "color_r": 0, "color_g": 0, "color_b": 255, "shape": 0, "width": 1024}, {"x": 0.67, "y": 0.08999999999999998, "size": 0.1, "color_name": 8, "color_r": 0, "color_g": 0, "color_b": 255, "shape": 0, "width": 1024}, {"x": 0.42, "y": 0.75, "size": 0.1, "color_name": 8, "color_r": 0, "color_g": 0, "color_b": 255, "shape": 0, "width": 1024}, {"x": 0.33999999999999997, "y": 0.75, "size": 0.1, "color_name": 8, "color_r": 0, "color_g": 0, "color_b": 255, "shape": 0, "width": 1024}, {"x": 0.67, "y": 0.58, "size": 0.1, "color_name": 8, "color_r": 0, "color_g": 0, "color_b": 255, "shape": 0, "width": 1024}, {"x": 0.75, "y": 0.6599999999999999, "size": 0.1, "color_name": 8, "color_r": 0, "color_g": 0, "color_b": 255, "shape": 0, "width": 1024}, {"x": 0.67, "y": 0.33, "size": 0.1, "color_name": 8, "color_r": 0, "color_g": 0, "color_b": 255, "shape": 0, "width": 1024}, {"x": 0.75, "y": 0.41000000000000003, "size": 0.1, "color_name": 8, "color_r": 0, "color_g": 0, "color_b": 255, "shape": 0, "width": 1024}, {"x": 0.83, "y": 0.33, "size": 0.1, "color_name": 8, "color_r": 0, "color_g": 0, "color_b": 255, "shape": 0, "width": 1024}, {"x": 0.58, "y": 0.83, "size": 0.1, "color_name": 8, "color_r": 0, "color_g": 0, "color_b": 255, "shape": 0, "width": 1024}, {"x": 0.49999999999999994, "y": 0.9099999999999999, "size": 0.1, "color_name": 8, "color_r": 0, "color_g": 0, "color_b": 255, "shape": 0, "width": 1024}, {"x": 0.5, "y": 0.33, "size": 0.1, "color_name": 8, "color_r": 0, "color_g": 0, "color_b": 255, "shape": 0, "width": 1024}, {"x": 0.5, "y": 0.41000000000000003, "size": 0.1, "color_name": 8, "color_r": 0, "color_g": 0, "color_b": 255, "shape": 0, "width": 1024}, {"x": 0.42, "y": 0.33, "size": 0.1, "color_name": 8, "color_r": 0, "color_g": 0, "color_b": 255, "shape": 0, "width": 1024}]]}