{"principle": "closure", "img_data": [[{"x": 0.5068177140525074, "y": 0.26266764382798186, "size": 0.1, "color_name": 142, "color_r": 255, "color_g": 255, "color_b": 0, "shape": 0, "width": 1024}, {"x": 0.5575983755665318, "y": 0.3506223296122296, "size": 0.1, "color_name": 51, "color_r": 0, "color_g": 128, "color_b": 0, "shape": 0, "width": 1024}, {"x": 0.6083790370805562, "y": 0.4385770153964774, "size": 0.1, "color_name": 51, "color_r": 0, "color_g": 128, "color_b": 0, "shape": 0, "width": 1024}, {"x": 0.6591596985945807, "y": 0.5265317011807251, "size": 0.1, "color_name": 142, "color_r": 255, "color_g": 255, "color_b": 0, "shape": 0, "width": 1024}, {"x": 0.7099403601086051, "y": 0.614486386964973, "size": 0.1, "color_name": 51, "color_r": 0, "color_g": 128, "color_b": 0, "shape": 0, "width": 1024}, {"x": 0.7607210216226294, "y": 0.7024410727492207, "size": 0.1, "color_name": 51, "color_r": 0, "color_g": 128, "color_b": 0, "shape": 0, "width": 1024}, {"x": 0.6591596985945807, "y": 0.7024410727492207, "size": 0.1, "color_name": 51, "color_r": 0, "color_g": 128, "color_b": 0, "shape": 0, "width": 1024}, {"x": 0.5575983755665318, "y": 0.7024410727492207, "size": 0.1, "color_name": 142, "color_r": 255, "color_g": 255, "color_b": 0, "shape": 0, "width": 1024}, {"x": 0.45603705253848303, "y": 0.7024410727492207, "size": 0.1, "color_name": 51, "color_r": 0, "color_g": 128, "color_b": 0, "shape": 0, "width": 1024}, {"x": 0.3544757295104342, "y": 0.7024410727492207, "size": 0.1, "color_name": 142, "color_r": 255, "color_g": 255, "color_b": 0, "shape": 0, "width": 1024}, {"x": 0.2529144064823854, "y": 0.7024410727492207, "size": 0.1, "color_name": 142, "color_r": 255, "color_g": 255, "color_b": 0, "shape": 0, "width": 1024}, {"x": 0.3036950679964098, "y": 0.6144863869649729, "size": 0.1, "color_name": 51, "color_r": 0, "color_g": 128, "color_b": 0, "shape": 0, "width": 1024}, {"x": 0.3544757295104342, "y": 0.5265317011807251, "size": 0.1, "color_name": 51, "color_r": 0, "color_g": 128, "color_b": 0, "shape": 0, "width": 1024}, {"x": 0.4052563910244586, "y": 0.4385770153964774, "size": 0.1, "color_name": 142, "color_r": 255, "color_g": 255, "color_b": 0, "shape": 0, "width": 1024}, {"x": 0.45603705253848303, "y": 0.3506223296122296, "size": 0.1, "color_name": 51, "color_r": 0, "color_g": 128, "color_b": 0, "shape": 0, "width": 1024}], [{"x": 0.4566088247189016, "y": 0.14434546553328276, "size": 0.1, "color_name": 142, "color_r": 255, "color_g": 255, "color_b": 0, "shape": 0, "width": 1024}, {"x": 0.501054776927269, "y": 0.22132811294895322, "size": 0.1, "color_name": 142, "color_r": 255, "color_g": 255, "color_b": 0, "shape": 0, "width": 1024}, {"x": 0.5455007291356364, "y": 0.2983107603646237, "size": 0.1, "color_name": 51, "color_r": 0, "color_g": 128, "color_b": 0, "shape": 0, "width": 1024}, {"x": 0.5899466813440037, "y": 0.3752934077802942, "size": 0.1, "color_name": 142, "color_r": 255, "color_g": 255, "color_b": 0, "shape": 0, "width": 1024}, {"x": 0.6343926335523711, "y": 0.45227605519596464, "size": 0.1, "color_name": 51, "color_r": 0, "color_g": 128, "color_b": 0, "shape": 0, "width": 1024}, {"x": 0.6788385857607385, "y": 0.5292587026116351, "size": 0.1, "color_name": 51, "color_r": 0, "color_g": 128, "color_b": 0, "shape": 0, "width": 1024}, {"x": 0.5899466813440037, "y": 0.5292587026116351, "size": 0.1, "color_name": 142, "color_r": 255, "color_g": 255, "color_b": 0, "shape": 0, "width": 1024}, {"x": 0.501054776927269, "y": 0.5292587026116351, "size": 0.1, "color_name": 142, "color_r": 255, "color_g": 255, "color_b": 0, "shape": 0, "width": 1024}, {"x": 0.4121628725105342, "y": 0.5292587026116351, "size": 0.1, "color_name": 142, "color_r": 255, "color_g": 255, "color_b": 0, "shape": 0, "width": 1024}, {"x": 0.3232709680937994, "y": 0.5292587026116351, "size": 0.1, "color_name": 142, "color_r": 255, "color_g": 255, "color_b": 0, "shape": 0, "width": 1024}, {"x": 0.23437906367706463, "y": 0.5292587026116351, "size": 0.1, "color_name": 51, "color_r": 0, "color_g": 128, "color_b": 0, "shape": 0, "width": 1024}, {"x": 0.278825015885432, "y": 0.45227605519596464, "size": 0.1, "color_name": 142, "color_r": 255, "color_g": 255, "color_b": 0, "shape": 0, "width": 1024}, {"x": 0.3232709680937994, "y": 0.3752934077802942, "size": 0.1, "color_name": 51, "color_r": 0, "color_g": 128, "color_b": 0, "shape": 0, "width": 1024}, {"x": 0.3677169203021668, "y": 0.2983107603646237, "size": 0.1, "color_name": 142, "color_r": 255, "color_g": 255, "color_b": 0, "shape": 0, "width": 1024}, {"x": 0.4121628725105342, "y": 0.22132811294895322, "size": 0.1, "color_name": 51, "color_r": 0, "color_g": 128, "color_b": 0, "shape": 0, "width": 1024}], [{"x": 0.48739549752989647, "y": 0.3110916680932422, "size": 0.1, "color_name": 51, "color_r": 0, "color_g": 128, "color_b": 0, "shape": 0, "width": 1024}, {"x": 0.5371738578887281, "y": 0.3973103173522111, "size": 0.1, "color_name": 142, "color_r": 255, "color_g": 255, "color_b": 0, "shape": 0, "width": 1024}, {"x": 0.5869522182475597, "y": 0.48352896661118006, "size": 0.1, "color_name": 142, "color_r": 255, "color_g": 255, "color_b": 0, "shape": 0, "width": 1024}, {"x": 0.6367305786063914, "y": 0.569747615870149, "size": 0.1, "color_name": 51, "color_r": 0, "color_g": 128, "color_b": 0, "shape": 0, "width": 1024}, {"x": 0.686508938965223, "y": 0.6559662651291179, "size": 0.1, "color_name": 142, "color_r": 255, "color_g": 255, "color_b": 0, "shape": 0, "width": 1024}, {"x": 0.7362872993240547, "y": 0.7421849143880869, "size": 0.1, "color_name": 142, "color_r": 255, "color_g": 255, "color_b": 0, "shape": 0, "width": 1024}, {"x": 0.6367305786063914, "y": 0.7421849143880869, "size": 0.1, "color_name": 51, "color_r": 0, "color_g": 128, "color_b": 0, "shape": 0, "width": 1024}, {"x": 0.5371738578887282, "y": 0.7421849143880869, "size": 0.1, "color_name": 142, "color_r": 255, "color_g": 255, "color_b": 0, "shape": 0, "width": 1024}, {"x": 0.4376171371710649, "y": 0.7421849143880869, "size": 0.1, "color_name": 51, "color_r": 0, "color_g": 128, "color_b": 0, "shape": 0, "width": 1024}, {"x": 0.33806041645340157, "y": 0.7421849143880869, "size": 0.1, "color_name": 142, "color_r": 255, "color_g": 255, "color_b": 0, "shape": 0, "width": 1024}, {"x": 0.23850369573573826, "y": 0.7421849143880869, "size": 0.1, "color_name": 142, "color_r": 255, "color_g": 255, "color_b": 0, "shape": 0, "width": 1024}, {"x": 0.28828205609456986, "y": 0.6559662651291179, "size": 0.1, "color_name": 142, "color_r": 255, "color_g": 255, "color_b": 0, "shape": 0, "width": 1024}, {"x": 0.3380604164534015, "y": 0.569747615870149, "size": 0.1, "color_name": 51, "color_r": 0, "color_g": 128, "color_b": 0, "shape": 0, "width": 1024}, {"x": 0.38783877681223317, "y": 0.48352896661118006, "size": 0.1, "color_name": 51, "color_r": 0, "color_g": 128, "color_b": 0, "shape": 0, "width": 1024}, {"x": 0.4376171371710648, "y": 0.3973103173522111, "size": 0.1, "color_name": 51, "color_r": 0, "color_g": 128, "color_b": 0, "shape": 0, "width": 1024}], [{"x": 0.4657952796402704, "y": 0.2, "size": 0.1, "color_name": 51, "color_r": 0, "color_g": 128, "color_b": 0, "shape": 0, "width": 1024}, {"x": 0.5132742392906419, "y": 0.28223597040495596, "size": 0.1, "color_name": 142, "color_r": 255, "color_g": 255, "color_b": 0, "shape": 0, "width": 1024}, {"x": 0.5607531989410133, "y": 0.3644719408099119, "size": 0.1, "color_name": 51, "color_r": 0, "color_g": 128, "color_b": 0, "shape": 0, "width": 1024}, {"x": 0.6082321585913847, "y": 0.44670791121486786, "size": 0.1, "color_name": 51, "color_r": 0, "color_g": 128, "color_b": 0, "shape": 0, "width": 1024}, {"x": 0.6557111182417561, "y": 0.5289438816198238, "size": 0.1, "color_name": 51, "color_r": 0, "color_g": 128, "color_b": 0, "shape": 0, "width": 1024}, {"x": 0.7031900778921275, "y": 0.6111798520247798, "size": 0.1, "color_name": 142, "color_r": 255, "color_g": 255, "color_b": 0, "shape": 0, "width": 1024}, {"x": 0.6082321585913847, "y": 0.6111798520247798, "size": 0.1, "color_name": 142, "color_r": 255, "color_g": 255, "color_b": 0, "shape": 0, "width": 1024}, {"x": 0.5132742392906418, "y": 0.6111798520247798, "size": 0.1, "color_name": 51, "color_r": 0, "color_g": 128, "color_b": 0, "shape": 0, "width": 1024}, {"x": 0.41831631998989893, "y": 0.6111798520247798, "size": 0.1, "color_name": 142, "color_r": 255, "color_g": 255, "color_b": 0, "shape": 0, "width": 1024}, {"x": 0.3233584006891561, "y": 0.6111798520247798, "size": 0.1, "color_name": 51, "color_r": 0, "color_g": 128, "color_b": 0, "shape": 0, "width": 1024}, {"x": 0.2284004813884133, "y": 0.6111798520247798, "size": 0.1, "color_name": 142, "color_r": 255, "color_g": 255, "color_b": 0, "shape": 0, "width": 1024}, {"x": 0.2758794410387847, "y": 0.5289438816198238, "size": 0.1, "color_name": 51, "color_r": 0, "color_g": 128, "color_b": 0, "shape": 0, "width": 1024}, {"x": 0.3233584006891561, "y": 0.44670791121486786, "size": 0.1, "color_name": 142, "color_r": 255, "color_g": 255, "color_b": 0, "shape": 0, "width": 1024}, {"x": 0.3708373603395275, "y": 0.3644719408099119, "size": 0.1, "color_name": 51, "color_r": 0, "color_g": 128, "color_b": 0, "shape": 0, "width": 1024}, {"x": 0.41831631998989893, "y": 0.28223597040495596, "size": 0.1, "color_name": 51, "color_r": 0, "color_g": 128, "color_b": 0, "shape": 0, "width": 1024}], [{"x": 0.5523534622637931, "y": 0.3341449586627118, "size": 0.1, "color_name": 51, "color_r": 0, "color_g": 128, "color_b": 0, "shape": 0, "width": 1024}, {"x": 0.5952471008315565, "y": 0.4084389199835739, "size": 0.1, "color_name": 51, "color_r": 0, "color_g": 128, "color_b": 0, "shape": 0, "width": 1024}, {"x": 0.6381407393993198, "y": 0.4827328813044359, "size": 0.1, "color_name": 51, "color_r": 0, "color_g": 128, "color_b": 0, "shape": 0, "width": 1024}, {"x": 0.6810343779670832, "y": 0.557026842625298, "size": 0.1, "color_name": 142, "color_r": 255, "color_g": 255, "color_b": 0, "shape": 0, "width": 1024}, {"x": 0.7239280165348465, "y": 0.6313208039461601, "size": 0.1, "color_name": 51, "color_r": 0, "color_g": 128, "color_b": 0, "shape": 0, "width": 1024}, {"x": 0.7668216551026099, "y": 0.7056147652670222, "size": 0.1, "color_name": 142, "color_r": 255, "color_g": 255, "color_b": 0, "shape": 0, "width": 1024}, {"x": 0.6810343779670832, "y": 0.7056147652670222, "size": 0.1, "color_name": 51, "color_r": 0, "color_g": 128, "color_b": 0, "shape": 0, "width": 1024}, {"x": 0.5952471008315565, "y": 0.7056147652670222, "size": 0.1, "color_name": 51, "color_r": 0, "color_g": 128, "color_b": 0, "shape": 0, "width": 1024}, {"x": 0.5094598236960297, "y": 0.7056147652670222, "size": 0.1, "color_name": 142, "color_r": 255, "color_g": 255, "color_b": 0, "shape": 0, "width": 1024}, {"x": 0.423672546560503, "y": 0.7056147652670222, "size": 0.1, "color_name": 51, "color_r": 0, "color_g": 128, "color_b": 0, "shape": 0, "width": 1024}, {"x": 0.3378852694249763, "y": 0.7056147652670222, "size": 0.1, "color_name": 51, "color_r": 0, "color_g": 128, "color_b": 0, "shape": 0, "width": 1024}, {"x": 0.38077890799273967, "y": 0.6313208039461601, "size": 0.1, "color_name": 51, "color_r": 0, "color_g": 128, "color_b": 0, "shape": 0, "width": 1024}, {"x": 0.423672546560503, "y": 0.557026842625298, "size": 0.1, "color_name": 51, "color_r": 0, "color_g": 128, "color_b": 0, "shape": 0, "width": 1024}, {"x": 0.4665661851282664, "y": 0.482732881304436, "size": 0.1, "color_name": 142, "color_r": 255, "color_g": 255, "color_b": 0, "shape": 0, "width": 1024}, {"x": 0.5094598236960297, "y": 0.4084389199835739, "size": 0.1, "color_name": 142, "color_r": 255, "color_g": 255, "color_b": 0, "shape": 0, "width": 1024}], [{"x": 0.42354975270159806, "y": 0.3564803140432772, "size": 0.1, "color_name": 51, "color_r": 0, "color_g": 128, "color_b": 0, "shape": 0, "width": 1024}, {"x": 0.46226970567146064, "y": 0.4235452398537566, "size": 0.1, "color_name": 51, "color_r": 0, "color_g": 128, "color_b": 0, "shape": 0, "width": 1024}, {"x": 0.5009896586413232, "y": 0.490610165664236, "size": 0.1, "color_name": 51, "color_r": 0, "color_g": 128, "color_b": 0, "shape": 0, "width": 1024}, {"x": 0.5397096116111858, "y": 0.5576750914747154, "size": 0.1, "color_name": 142, "color_r": 255, "color_g": 255, "color_b": 0, "shape": 0, "width": 1024}, {"x": 0.5784295645810484, "y": 0.6247400172851948, "size": 0.1, "color_name": 51, "color_r": 0, "color_g": 128, "color_b": 0, "shape": 0, "width": 1024}, {"x": 0.617149517550911, "y": 0.6918049430956742, "size": 0.1, "color_name": 142, "color_r": 255, "color_g": 255, "color_b": 0, "shape": 0, "width": 1024}, {"x": 0.5397096116111858, "y": 0.6918049430956742, "size": 0.1, "color_name": 142, "color_r": 255, "color_g": 255, "color_b": 0, "shape": 0, "width": 1024}, {"x": 0.46226970567146064, "y": 0.6918049430956742, "size": 0.1, "color_name": 51, "color_r": 0, "color_g": 128, "color_b": 0, "shape": 0, "width": 1024}, {"x": 0.3848297997317355, "y": 0.6918049430956742, "size": 0.1, "color_name": 142, "color_r": 255, "color_g": 255, "color_b": 0, "shape": 0, "width": 1024}, {"x": 0.3073898937920103, "y": 0.6918049430956742, "size": 0.1, "color_name": 51, "color_r": 0, "color_g": 128, "color_b": 0, "shape": 0, "width": 1024}, {"x": 0.22994998785228515, "y": 0.6918049430956742, "size": 0.1, "color_name": 142, "color_r": 255, "color_g": 255, "color_b": 0, "shape": 0, "width": 1024}, {"x": 0.26866994082214773, "y": 0.6247400172851948, "size": 0.1, "color_name": 142, "color_r": 255, "color_g": 255, "color_b": 0, "shape": 0, "width": 1024}, {"x": 0.3073898937920103, "y": 0.5576750914747154, "size": 0.1, "color_name": 142, "color_r": 255, "color_g": 255, "color_b": 0, "shape": 0, "width": 1024}, {"x": 0.3461098467618729, "y": 0.490610165664236, "size": 0.1, "color_name": 51, "color_r": 0, "color_g": 128, "color_b": 0, "shape": 0, "width": 1024}, {"x": 0.3848297997317355, "y": 0.4235452398537566, "size": 0.1, "color_name": 142, "color_r": 255, "color_g": 255, "color_b": 0, "shape": 0, "width": 1024}], [{"x": 0.589524673835093, "y": 0.2, "size": 0.1, "color_name": 51, "color_r": 0, "color_g": 128, "color_b": 0, "shape": 0, "width": 1024}, {"x": 0.6389951151322555, "y": 0.28568531779953915, "size": 0.1, "color_name": 51, "color_r": 0, "color_g": 128, "color_b": 0, "shape": 0, "width": 1024}, {"x": 0.6884655564294181, "y": 0.37137063559907824, "size": 0.1, "color_name": 142, "color_r": 255, "color_g": 255, "color_b": 0, "shape": 0, "width": 1024}, {"x": 0.7379359977265806, "y": 0.4570559533986174, "size": 0.1, "color_name": 142, "color_r": 255, "color_g": 255, "color_b": 0, "shape": 0, "width": 1024}, {"x": 0.7874064390237432, "y": 0.5427412711981565, "size": 0.1, "color_name": 51, "color_r": 0, "color_g": 128, "color_b": 0, "shape": 0, "width": 1024}, {"x": 0.8368768803209057, "y": 0.6284265889976957, "size": 0.1, "color_name": 142, "color_r": 255, "color_g": 255, "color_b": 0, "shape": 0, "width": 1024}, {"x": 0.7379359977265806, "y": 0.6284265889976957, "size": 0.1, "color_name": 51, "color_r": 0, "color_g": 128, "color_b": 0, "shape": 0, "width": 1024}, {"x": 0.6389951151322555, "y": 0.6284265889976957, "size": 0.1, "color_name": 51, "color_r": 0, "color_g": 128, "color_b": 0, "shape": 0, "width": 1024}, {"x": 0.5400542325379305, "y": 0.6284265889976957, "size": 0.1, "color_name": 51, "color_r": 0, "color_g": 128, "color_b": 0, "shape": 0, "width": 1024}, {"x": 0.44111334994360535, "y": 0.6284265889976957, "size": 0.1, "color_name": 142, "color_r": 255, "color_g": 255, "color_b": 0, "shape": 0, "width": 1024}, {"x": 0.34217246734928025, "y": 0.6284265889976957, "size": 0.1, "color_name": 51, "color_r": 0, "color_g": 128, "color_b": 0, "shape": 0, "width": 1024}, {"x": 0.3916429086464428, "y": 0.5427412711981565, "size": 0.1, "color_name": 51, "color_r": 0, "color_g": 128, "color_b": 0, "shape": 0, "width": 1024}, {"x": 0.44111334994360535, "y": 0.4570559533986174, "size": 0.1, "color_name": 51, "color_r": 0, "color_g": 128, "color_b": 0, "shape": 0, "width": 1024}, {"x": 0.4905837912407679, "y": 0.3713706355990783, "size": 0.1, "color_name": 51, "color_r": 0, "color_g": 128, "color_b": 0, "shape": 0, "width": 1024}, {"x": 0.5400542325379305, "y": 0.28568531779953915, "size": 0.1, "color_name": 51, "color_r": 0, "color_g": 128, "color_b": 0, "shape": 0, "width": 1024}], [{"x": 0.5470333202191084, "y": 0.18588306668361976, "size": 0.1, "color_name": 51, "color_r": 0, "color_g": 128, "color_b": 0, "shape": 0, "width": 1024}, {"x": 0.5908484344193595, "y": 0.26177307061788724, "size": 0.1, "color_name": 142, "color_r": 255, "color_g": 255, "color_b": 0, "shape": 0, "width": 1024}, {"x": 0.6346635486196106, "y": 0.33766307455215466, "size": 0.1, "color_name": 51, "color_r": 0, "color_g": 128, "color_b": 0, "shape": 0, "width": 1024}, {"x": 0.6784786628198617, "y": 0.4135530784864221, "size": 0.1, "color_name": 51, "color_r": 0, "color_g": 128, "color_b": 0, "shape": 0, "width": 1024}, {"x": 0.7222937770201128, "y": 0.48944308242068957, "size": 0.1, "color_name": 142, "color_r": 255, "color_g": 255, "color_b": 0, "shape": 0, "width": 1024}, {"x": 0.7661088912203639, "y": 0.565333086354957, "size": 0.1, "color_name": 51, "color_r": 0, "color_g": 128, "color_b": 0, "shape": 0, "width": 1024}, {"x": 0.6784786628198617, "y": 0.565333086354957, "size": 0.1, "color_name": 51, "color_r": 0, "color_g": 128, "color_b": 0, "shape": 0, "width": 1024}, {"x": 0.5908484344193595, "y": 0.565333086354957, "size": 0.1, "color_name": 142, "color_r": 255, "color_g": 255, "color_b": 0, "shape": 0, "width": 1024}, {"x": 0.5032182060188574, "y": 0.565333086354957, "size": 0.1, "color_name": 142, "color_r": 255, "color_g": 255, "color_b": 0, "shape": 0, "width": 1024}, {"x": 0.4155879776183552, "y": 0.565333086354957, "size": 0.1, "color_name": 142, "color_r": 255, "color_g": 255, "color_b": 0, "shape": 0, "width": 1024}, {"x": 0.32795774921785303, "y": 0.565333086354957, "size": 0.1, "color_name": 142, "color_r": 255, "color_g": 255, "color_b": 0, "shape": 0, "width": 1024}, {"x": 0.3717728634181041, "y": 0.48944308242068957, "size": 0.1, "color_name": 51, "color_r": 0, "color_g": 128, "color_b": 0, "shape": 0, "width": 1024}, {"x": 0.4155879776183552, "y": 0.41355307848642214, "size": 0.1, "color_name": 142, "color_r": 255, "color_g": 255, "color_b": 0, "shape": 0, "width": 1024}, {"x": 0.4594030918186063, "y": 0.3376630745521547, "size": 0.1, "color_name": 51, "color_r": 0, "color_g": 128, "color_b": 0, "shape": 0, "width": 1024}, {"x": 0.5032182060188574, "y": 0.26177307061788724, "size": 0.1, "color_name": 142, "color_r": 255, "color_g": 255, "color_b": 0, "shape": 0, "width": 1024}], [{"x": 0.46098682598032087, "y": 0.32384382248915533, "size": 0.1, "color_name": 142, "color_r": 255, "color_g": 255, "color_b": 0, "shape": 0, "width": 1024}, {"x": 0.5061910702507262, "y": 0.4021398702832516, "size": 0.1, "color_name": 51, "color_r": 0, "color_g": 128, "color_b": 0, "shape": 0, "width": 1024}, {"x": 0.5513953145211314, "y": 0.4804359180773478, "size": 0.1, "color_name": 51, "color_r": 0, "color_g": 128, "color_b": 0, "shape": 0, "width": 1024}, {"x": 0.5965995587915367, "y": 0.558731965871444, "size": 0.1, "color_name": 51, "color_r": 0, "color_g": 128, "color_b": 0, "shape": 0, "width": 1024}, {"x": 0.641803803061942, "y": 0.6370280136655403, "size": 0.1, "color_name": 51, "color_r": 0, "color_g": 128, "color_b": 0, "shape": 0, "width": 1024}, {"x": 0.6870080473323472, "y": 0.7153240614596366, "size": 0.1, "color_name": 142, "color_r": 255, "color_g": 255, "color_b": 0, "shape": 0, "width": 1024}, {"x": 0.5965995587915367, "y": 0.7153240614596366, "size": 0.1, "color_name": 142, "color_r": 255, "color_g": 255, "color_b": 0, "shape": 0, "width": 1024}, {"x": 0.5061910702507262, "y": 0.7153240614596366, "size": 0.1, "color_name": 142, "color_r": 255, "color_g": 255, "color_b": 0, "shape": 0, "width": 1024}, {"x": 0.41578258170991556, "y": 0.7153240614596366, "size": 0.1, "color_name": 51, "color_r": 0, "color_g": 128, "color_b": 0, "shape": 0, "width": 1024}, {"x": 0.32537409316910504, "y": 0.7153240614596366, "size": 0.1, "color_name": 142, "color_r": 255, "color_g": 255, "color_b": 0, "shape": 0, "width": 1024}, {"x": 0.23496560462829452, "y": 0.7153240614596366, "size": 0.1, "color_name": 142, "color_r": 255, "color_g": 255, "color_b": 0, "shape": 0, "width": 1024}, {"x": 0.2801698488986997, "y": 0.6370280136655403, "size": 0.1, "color_name": 51, "color_r": 0, "color_g": 128, "color_b": 0, "shape": 0, "width": 1024}, {"x": 0.32537409316910504, "y": 0.558731965871444, "size": 0.1, "color_name": 51, "color_r": 0, "color_g": 128, "color_b": 0, "shape": 0, "width": 1024}, {"x": 0.3705783374395103, "y": 0.48043591807734787, "size": 0.1, "color_name": 51, "color_r": 0, "color_g": 128, "color_b": 0, "shape": 0, "width": 1024}, {"x": 0.41578258170991556, "y": 0.4021398702832516, "size": 0.1, "color_name": 51, "color_r": 0, "color_g": 128, "color_b": 0, "shape": 0, "width": 1024}], [{"x": 0.49128341006426923, "y": 0.1440098420666348, "size": 0.1, "color_name": 51, "color_r": 0, "color_g": 128, "color_b": 0, "shape": 0, "width": 1024}, {"x": 0.5417351766275926, "y": 0.23139486508591559, "size": 0.1, "color_name": 142, "color_r": 255, "color_g": 255, "color_b": 0, "shape": 0, "width": 1024}, {"x": 0.592186943190916, "y": 0.31877988810519636, "size": 0.1, "color_name": 51, "color_r": 0, "color_g": 128, "color_b": 0, "shape": 0, "width": 1024}, {"x": 0.6426387097542394, "y": 0.40616491112447717, "size": 0.1, "color_name": 142, "color_r": 255, "color_g": 255, "color_b": 0, "shape": 0, "width": 1024}, {"x": 0.6930904763175628, "y": 0.4935499341437579, "size": 0.1, "color_name": 51, "color_r": 0, "color_g": 128, "color_b": 0, "shape": 0, "width": 1024}, {"x": 0.7435422428808862, "y": 0.5809349571630387, "size": 0.1, "color_name": 51, "color_r": 0, "color_g": 128, "color_b": 0, "shape": 0, "width": 1024}, {"x": 0.6426387097542394, "y": 0.5809349571630387, "size": 0.1, "color_name": 51, "color_r": 0, "color_g": 128, "color_b": 0, "shape": 0, "width": 1024}, {"x": 0.5417351766275926, "y": 0.5809349571630387, "size": 0.1, "color_name": 142, "color_r": 255, "color_g": 255, "color_b": 0, "shape": 0, "width": 1024}, {"x": 0.44083164350094584, "y": 0.5809349571630387, "size": 0.1, "color_name": 51, "color_r": 0, "color_g": 128, "color_b": 0, "shape": 0, "width": 1024}, {"x": 0.33992811037429904, "y": 0.5809349571630387, "size": 0.1, "color_name": 142, "color_r": 255, "color_g": 255, "color_b": 0, "shape": 0, "width": 1024}, {"x": 0.23902457724765225, "y": 0.5809349571630387, "size": 0.1, "color_name": 51, "color_r": 0, "color_g": 128, "color_b": 0, "shape": 0, "width": 1024}, {"x": 0.28947634381097564, "y": 0.4935499341437579, "size": 0.1, "color_name": 142, "color_r": 255, "color_g": 255, "color_b": 0, "shape": 0, "width": 1024}, {"x": 0.33992811037429904, "y": 0.4061649111244771, "size": 0.1, "color_name": 51, "color_r": 0, "color_g": 128, "color_b": 0, "shape": 0, "width": 1024}, {"x": 0.39037987693762244, "y": 0.3187798881051963, "size": 0.1, "color_name": 142, "color_r": 255, "color_g": 255, "color_b": 0, "shape": 0, "width": 1024}, {"x": 0.44083164350094584, "y": 0.23139486508591556, "size": 0.1, "color_name": 142, "color_r": 255, "color_g": 255, "color_b": 0, "shape": 0, "width": 1024}], [{"x": 0.5964310503766269, "y": 0.2189502164105362, "size": 0.1, "color_name": 142, "color_r": 255, "color_g": 255, "color_b": 0, "shape": 0, "width": 1024}, {"x": 0.6467514377218195, "y": 0.30610768394895577, "size": 0.1, "color_name": 142, "color_r": 255, "color_g": 255, "color_b": 0, "shape": 0, "width": 1024}, {"x": 0.6970718250670122, "y": 0.3932651514873753, "size": 0.1, "color_name": 51, "color_r": 0, "color_g": 128, "color_b": 0, "shape": 0, "width": 1024}, {"x": 0.7473922124122048, "y": 0.48042261902579486, "size": 0.1, "color_name": 51, "color_r": 0, "color_g": 128, "color_b": 0, "shape": 0, "width": 1024}, {"x": 0.7977125997573974, "y": 0.5675800865642144, "size": 0.1, "color_name": 51, "color_r": 0, "color_g": 128, "color_b": 0, "shape": 0, "width": 1024}, {"x": 0.84803298710259, "y": 0.654737554102634, "size": 0.1, "color_name": 142, "color_r": 255, "color_g": 255, "color_b": 0, "shape": 0, "width": 1024}, {"x": 0.7473922124122048, "y": 0.654737554102634, "size": 0.1, "color_name": 142, "color_r": 255, "color_g": 255, "color_b": 0, "shape": 0, "width": 1024}, {"x": 0.6467514377218195, "y": 0.654737554102634, "size": 0.1, "color_name": 142, "color_r": 255, "color_g": 255, "color_b": 0, "shape": 0, "width": 1024}, {"x": 0.5461106630314343, "y": 0.654737554102634, "size": 0.1, "color_name": 142, "color_r": 255, "color_g": 255, "color_b": 0, "shape": 0, "width": 1024}, {"x": 0.44546988834104906, "y": 0.654737554102634, "size": 0.1, "color_name": 51, "color_r": 0, "color_g": 128, "color_b": 0, "shape": 0, "width": 1024}, {"x": 0.3448291136506638, "y": 0.654737554102634, "size": 0.1, "color_name": 142, "color_r": 255, "color_g": 255, "color_b": 0, "shape": 0, "width": 1024}, {"x": 0.3951495009958565, "y": 0.5675800865642144, "size": 0.1, "color_name": 51, "color_r": 0, "color_g": 128, "color_b": 0, "shape": 0, "width": 1024}, {"x": 0.44546988834104906, "y": 0.48042261902579486, "size": 0.1, "color_name": 142, "color_r": 255, "color_g": 255, "color_b": 0, "shape": 0, "width": 1024}, {"x": 0.4957902756862417, "y": 0.39326515148737534, "size": 0.1, "color_name": 142, "color_r": 255, "color_g": 255, "color_b": 0, "shape": 0, "width": 1024}, {"x": 0.5461106630314343, "y": 0.30610768394895577, "size": 0.1, "color_name": 142, "color_r": 255, "color_g": 255, "color_b": 0, "shape": 0, "width": 1024}], [{"x": 0.560168136040576, "y": 0.16395469417062009, "size": 0.1, "color_name": 142, "color_r": 255, "color_g": 255, "color_b": 0, "shape": 0, "width": 1024}, {"x": 0.601708233405743, "y": 0.23590425335844728, "size": 0.1, "color_name": 142, "color_r": 255, "color_g": 255, "color_b": 0, "shape": 0, "width": 1024}, {"x": 0.6432483307709099, "y": 0.3078538125462744, "size": 0.1, "color_name": 142, "color_r": 255, "color_g": 255, "color_b": 0, "shape": 0, "width": 1024}, {"x": 0.6847884281360769, "y": 0.3798033717341016, "size": 0.1, "color_name": 142, "color_r": 255, "color_g": 255, "color_b": 0, "shape": 0, "width": 1024}, {"x": 0.7263285255012438, "y": 0.4517529309219288, "size": 0.1, "color_name": 51, "color_r": 0, "color_g": 128, "color_b": 0, "shape": 0, "width": 1024}, {"x": 0.7678686228664108, "y": 0.523702490109756, "size": 0.1, "color_name": 142, "color_r": 255, "color_g": 255, "color_b": 0, "shape": 0, "width": 1024}, {"x": 0.6847884281360769, "y": 0.523702490109756, "size": 0.1, "color_name": 142, "color_r": 255, "color_g": 255, "color_b": 0, "shape": 0, "width": 1024}, {"x": 0.601708233405743, "y": 0.523702490109756, "size": 0.1, "color_name": 142, "color_r": 255, "color_g": 255, "color_b": 0, "shape": 0, "width": 1024}, {"x": 0.5186280386754091, "y": 0.523702490109756, "size": 0.1, "color_name": 51, "color_r": 0, "color_g": 128, "color_b": 0, "shape": 0, "width": 1024}, {"x": 0.4355478439450752, "y": 0.523702490109756, "size": 0.1, "color_name": 51, "color_r": 0, "color_g": 128, "color_b": 0, "shape": 0, "width": 1024}, {"x": 0.3524676492147413, "y": 0.523702490109756, "size": 0.1, "color_name": 142, "color_r": 255, "color_g": 255, "color_b": 0, "shape": 0, "width": 1024}, {"x": 0.3940077465799082, "y": 0.4517529309219288, "size": 0.1, "color_name": 51, "color_r": 0, "color_g": 128, "color_b": 0, "shape": 0, "width": 1024}, {"x": 0.4355478439450752, "y": 0.3798033717341016, "size": 0.1, "color_name": 142, "color_r": 255, "color_g": 255, "color_b": 0, "shape": 0, "width": 1024}, {"x": 0.4770879413102421, "y": 0.3078538125462745, "size": 0.1, "color_name": 142, "color_r": 255, "color_g": 255, "color_b": 0, "shape": 0, "width": 1024}, {"x": 0.5186280386754091, "y": 0.23590425335844728, "size": 0.1, "color_name": 142, "color_r": 255, "color_g": 255, "color_b": 0, "shape": 0, "width": 1024}], [{"x": 0.5545319147035236, "y": 0.31751000529851386, "size": 0.1, "color_name": 142, "color_r": 255, "color_g": 255, "color_b": 0, "shape": 0, "width": 1024}, {"x": 0.5970482342405384, "y": 0.39115043088745677, "size": 0.1, "color_name": 142, "color_r": 255, "color_g": 255, "color_b": 0, "shape": 0, "width": 1024}, {"x": 0.6395645537775532, "y": 0.4647908564763997, "size": 0.1, "color_name": 142, "color_r": 255, "color_g": 255, "color_b": 0, "shape": 0, "width": 1024}, {"x": 0.682080873314568, "y": 0.5384312820653426, "size": 0.1, "color_name": 51, "color_r": 0, "color_g": 128, "color_b": 0, "shape": 0, "width": 1024}, {"x": 0.7245971928515829, "y": 0.6120717076542855, "size": 0.1, "color_name": 142, "color_r": 255, "color_g": 255, "color_b": 0, "shape": 0, "width": 1024}, {"x": 0.7671135123885976, "y": 0.6857121332432284, "size": 0.1, "color_name": 142, "color_r": 255, "color_g": 255, "color_b": 0, "shape": 0, "width": 1024}, {"x": 0.682080873314568, "y": 0.6857121332432284, "size": 0.1, "color_name": 51, "color_r": 0, "color_g": 128, "color_b": 0, "shape": 0, "width": 1024}, {"x": 0.5970482342405383, "y": 0.6857121332432284, "size": 0.1, "color_name": 142, "color_r": 255, "color_g": 255, "color_b": 0, "shape": 0, "width": 1024}, {"x": 0.5120155951665087, "y": 0.6857121332432284, "size": 0.1, "color_name": 142, "color_r": 255, "color_g": 255, "color_b": 0, "shape": 0, "width": 1024}, {"x": 0.42698295609247916, "y": 0.6857121332432284, "size": 0.1, "color_name": 142, "color_r": 255, "color_g": 255, "color_b": 0, "shape": 0, "width": 1024}, {"x": 0.3419503170184496, "y": 0.6857121332432284, "size": 0.1, "color_name": 51, "color_r": 0, "color_g": 128, "color_b": 0, "shape": 0, "width": 1024}, {"x": 0.38446663655546437, "y": 0.6120717076542855, "size": 0.1, "color_name": 142, "color_r": 255, "color_g": 255, "color_b": 0, "shape": 0, "width": 1024}, {"x": 0.42698295609247916, "y": 0.5384312820653426, "size": 0.1, "color_name": 142, "color_r": 255, "color_g": 255, "color_b": 0, "shape": 0, "width": 1024}, {"x": 0.469499275629494, "y": 0.46479085647639967, "size": 0.1, "color_name": 51, "color_r": 0, "color_g": 128, "color_b": 0, "shape": 0, "width": 1024}, {"x": 0.5120155951665089, "y": 0.39115043088745677, "size": 0.1, "color_name": 51, "color_r": 0, "color_g": 128, "color_b": 0, "shape": 0, "width": 1024}], [{"x": 0.4873026117652477, "y": 0.19011375160025568, "size": 0.1, "color_name": 142, "color_r": 255, "color_g": 255, "color_b": 0, "shape": 0, "width": 1024}, {"x": 0.5370648838377122, "y": 0.27630453512983, "size": 0.1, "color_name": 142, "color_r": 255, "color_g": 255, "color_b": 0, "shape": 0, "width": 1024}, {"x": 0.5868271559101766, "y": 0.36249531865940426, "size": 0.1, "color_name": 51, "color_r": 0, "color_g": 128, "color_b": 0, "shape": 0, "width": 1024}, {"x": 0.6365894279826412, "y": 0.44868610218897853, "size": 0.1, "color_name": 51, "color_r": 0, "color_g": 128, "color_b": 0, "shape": 0, "width": 1024}, {"x": 0.6863517000551056, "y": 0.5348768857185529, "size": 0.1, "color_name": 51, "color_r": 0, "color_g": 128, "color_b": 0, "shape": 0, "width": 1024}, {"x": 0.7361139721275701, "y": 0.6210676692481272, "size": 0.1, "color_name": 142, "color_r": 255, "color_g": 255, "color_b": 0, "shape": 0, "width": 1024}, {"x": 0.6365894279826412, "y": 0.6210676692481272, "size": 0.1, "color_name": 51, "color_r": 0, "color_g": 128, "color_b": 0, "shape": 0, "width": 1024}, {"x": 0.5370648838377121, "y": 0.6210676692481272, "size": 0.1, "color_name": 142, "color_r": 255, "color_g": 255, "color_b": 0, "shape": 0, "width": 1024}, {"x": 0.43754033969278316, "y": 0.6210676692481272, "size": 0.1, "color_name": 142, "color_r": 255, "color_g": 255, "color_b": 0, "shape": 0, "width": 1024}, {"x": 0.3380157955478542, "y": 0.6210676692481272, "size": 0.1, "color_name": 51, "color_r": 0, "color_g": 128, "color_b": 0, "shape": 0, "width": 1024}, {"x": 0.23849125140292526, "y": 0.6210676692481272, "size": 0.1, "color_name": 51, "color_r": 0, "color_g": 128, "color_b": 0, "shape": 0, "width": 1024}, {"x": 0.28825352347538974, "y": 0.5348768857185529, "size": 0.1, "color_name": 142, "color_r": 255, "color_g": 255, "color_b": 0, "shape": 0, "width": 1024}, {"x": 0.3380157955478542, "y": 0.4486861021889786, "size": 0.1, "color_name": 51, "color_r": 0, "color_g": 128, "color_b": 0, "shape": 0, "width": 1024}, {"x": 0.38777806762031874, "y": 0.3624953186594043, "size": 0.1, "color_name": 51, "color_r": 0, "color_g": 128, "color_b": 0, "shape": 0, "width": 1024}, {"x": 0.43754033969278316, "y": 0.27630453512983, "size": 0.1, "color_name": 51, "color_r": 0, "color_g": 128, "color_b": 0, "shape": 0, "width": 1024}], [{"x": 0.4944448934708971, "y": 0.1165746622796302, "size": 0.1, "color_name": 51, "color_r": 0, "color_g": 128, "color_b": 0, "shape": 0, "width": 1024}, {"x": 0.5454442450229771, "y": 0.20490813032089933, "size": 0.1, "color_name": 142, "color_r": 255, "color_g": 255, "color_b": 0, "shape": 0, "width": 1024}, {"x": 0.596443596575057, "y": 0.29324159836216845, "size": 0.1, "color_name": 142, "color_r": 255, "color_g": 255, "color_b": 0, "shape": 0, "width": 1024}, {"x": 0.6474429481271369, "y": 0.3815750664034375, "size": 0.1, "color_name": 142, "color_r": 255, "color_g": 255, "color_b": 0, "shape": 0, "width": 1024}, {"x": 0.6984422996792169, "y": 0.46990853444470665, "size": 0.1, "color_name": 142, "color_r": 255, "color_g": 255, "color_b": 0, "shape": 0, "width": 1024}, {"x": 0.7494416512312968, "y": 0.5582420024859758, "size": 0.1, "color_name": 142, "color_r": 255, "color_g": 255, "color_b": 0, "shape": 0, "width": 1024}, {"x": 0.6474429481271369, "y": 0.5582420024859758, "size": 0.1, "color_name": 142, "color_r": 255, "color_g": 255, "color_b": 0, "shape": 0, "width": 1024}, {"x": 0.5454442450229771, "y": 0.5582420024859758, "size": 0.1, "color_name": 51, "color_r": 0, "color_g": 128, "color_b": 0, "shape": 0, "width": 1024}, {"x": 0.44344554191881713, "y": 0.5582420024859758, "size": 0.1, "color_name": 51, "color_r": 0, "color_g": 128, "color_b": 0, "shape": 0, "width": 1024}, {"x": 0.34144683881465726, "y": 0.5582420024859758, "size": 0.1, "color_name": 51, "color_r": 0, "color_g": 128, "color_b": 0, "shape": 0, "width": 1024}, {"x": 0.2394481357104974, "y": 0.5582420024859758, "size": 0.1, "color_name": 142, "color_r": 255, "color_g": 255, "color_b": 0, "shape": 0, "width": 1024}, {"x": 0.29044748726257735, "y": 0.46990853444470665, "size": 0.1, "color_name": 142, "color_r": 255, "color_g": 255, "color_b": 0, "shape": 0, "width": 1024}, {"x": 0.34144683881465726, "y": 0.3815750664034375, "size": 0.1, "color_name": 51, "color_r": 0, "color_g": 128, "color_b": 0, "shape": 0, "width": 1024}, {"x": 0.3924461903667372, "y": 0.29324159836216845, "size": 0.1, "color_name": 142, "color_r": 255, "color_g": 255, "color_b": 0, "shape": 0, "width": 1024}, {"x": 0.44344554191881713, "y": 0.20490813032089933, "size": 0.1, "color_name": 142, "color_r": 255, "color_g": 255, "color_b": 0, "shape": 0, "width": 1024}], [{"x": 0.5814965794730835, "y": 0.3446442225273035, "size": 0.1, "color_name": 142, "color_r": 255, "color_g": 255, "color_b": 0, "shape": 0, "width": 1024}, {"x": 0.6209315465782205, "y": 0.41294758914820795, "size": 0.1, "color_name": 51, "color_r": 0, "color_g": 128, "color_b": 0, "shape": 0, "width": 1024}, {"x": 0.6603665136833573, "y": 0.4812509557691124, "size": 0.1, "color_name": 142, "color_r": 255, "color_g": 255, "color_b": 0, "shape": 0, "width": 1024}, {"x": 0.6998014807884942, "y": 0.5495543223900169, "size": 0.1, "color_name": 142, "color_r": 255, "color_g": 255, "color_b": 0, "shape": 0, "width": 1024}, {"x": 0.7392364478936311, "y": 0.6178576890109213, "size": 0.1, "color_name": 142, "color_r": 255, "color_g": 255, "color_b": 0, "shape": 0, "width": 1024}, {"x": 0.778671414998768, "y": 0.6861610556318258, "size": 0.1, "color_name": 142, "color_r": 255, "color_g": 255, "color_b": 0, "shape": 0, "width": 1024}, {"x": 0.6998014807884942, "y": 0.6861610556318258, "size": 0.1, "color_name": 142, "color_r": 255, "color_g": 255, "color_b": 0, "shape": 0, "width": 1024}, {"x": 0.6209315465782204, "y": 0.6861610556318258, "size": 0.1, "color_name": 142, "color_r": 255, "color_g": 255, "color_b": 0, "shape": 0, "width": 1024}, {"x": 0.5420616123679466, "y": 0.6861610556318258, "size": 0.1, "color_name": 142, "color_r": 255, "color_g": 255, "color_b": 0, "shape": 0, "width": 1024}, {"x": 0.4631916781576728, "y": 0.6861610556318258, "size": 0.1, "color_name": 51, "color_r": 0, "color_g": 128, "color_b": 0, "shape": 0, "width": 1024}, {"x": 0.38432174394739904, "y": 0.6861610556318258, "size": 0.1, "color_name": 51, "color_r": 0, "color_g": 128, "color_b": 0, "shape": 0, "width": 1024}, {"x": 0.42375671105253593, "y": 0.6178576890109213, "size": 0.1, "color_name": 142, "color_r": 255, "color_g": 255, "color_b": 0, "shape": 0, "width": 1024}, {"x": 0.4631916781576728, "y": 0.5495543223900169, "size": 0.1, "color_name": 51, "color_r": 0, "color_g": 128, "color_b": 0, "shape": 0, "width": 1024}, {"x": 0.5026266452628098, "y": 0.4812509557691124, "size": 0.1, "color_name": 51, "color_r": 0, "color_g": 128, "color_b": 0, "shape": 0, "width": 1024}, {"x": 0.5420616123679467, "y": 0.41294758914820795, "size": 0.1, "color_name": 142, "color_r": 255, "color_g": 255, "color_b": 0, "shape": 0, "width": 1024}], [{"x": 0.4480536940037283, "y": 0.33776233495803637, "size": 0.1, "color_name": 142, "color_r": 255, "color_g": 255, "color_b": 0, "shape": 0, "width": 1024}, {"x": 0.4910178541056884, "y": 0.41217844315915486, "size": 0.1, "color_name": 142, "color_r": 255, "color_g": 255, "color_b": 0, "shape": 0, "width": 1024}, {"x": 0.5339820142076485, "y": 0.48659455136027335, "size": 0.1, "color_name": 51, "color_r": 0, "color_g": 128, "color_b": 0, "shape": 0, "width": 1024}, {"x": 0.5769461743096086, "y": 0.5610106595613918, "size": 0.1, "color_name": 142, "color_r": 255, "color_g": 255, "color_b": 0, "shape": 0, "width": 1024}, {"x": 0.6199103344115686, "y": 0.6354267677625103, "size": 0.1, "color_name": 142, "color_r": 255, "color_g": 255, "color_b": 0, "shape": 0, "width": 1024}, {"x": 0.6628744945135288, "y": 0.7098428759636288, "size": 0.1, "color_name": 142, "color_r": 255, "color_g": 255, "color_b": 0, "shape": 0, "width": 1024}, {"x": 0.5769461743096086, "y": 0.7098428759636288, "size": 0.1, "color_name": 51, "color_r": 0, "color_g": 128, "color_b": 0, "shape": 0, "width": 1024}, {"x": 0.49101785410568843, "y": 0.7098428759636288, "size": 0.1, "color_name": 142, "color_r": 255, "color_g": 255, "color_b": 0, "shape": 0, "width": 1024}, {"x": 0.4050895339017682, "y": 0.7098428759636288, "size": 0.1, "color_name": 51, "color_r": 0, "color_g": 128, "color_b": 0, "shape": 0, "width": 1024}, {"x": 0.31916121369784806, "y": 0.7098428759636288, "size": 0.1, "color_name": 51, "color_r": 0, "color_g": 128, "color_b": 0, "shape": 0, "width": 1024}, {"x": 0.2332328934939279, "y": 0.7098428759636288, "size": 0.1, "color_name": 51, "color_r": 0, "color_g": 128, "color_b": 0, "shape": 0, "width": 1024}, {"x": 0.276197053595888, "y": 0.6354267677625103, "size": 0.1, "color_name": 142, "color_r": 255, "color_g": 255, "color_b": 0, "shape": 0, "width": 1024}, {"x": 0.31916121369784806, "y": 0.5610106595613918, "size": 0.1, "color_name": 51, "color_r": 0, "color_g": 128, "color_b": 0, "shape": 0, "width": 1024}, {"x": 0.36212537379980814, "y": 0.48659455136027335, "size": 0.1, "color_name": 142, "color_r": 255, "color_g": 255, "color_b": 0, "shape": 0, "width": 1024}, {"x": 0.4050895339017682, "y": 0.41217844315915486, "size": 0.1, "color_name": 51, "color_r": 0, "color_g": 128, "color_b": 0, "shape": 0, "width": 1024}], [{"x": 0.5289358460033933, "y": 0.2655323361005521, "size": 0.1, "color_name": 51, "color_r": 0, "color_g": 128, "color_b": 0, "shape": 0, "width": 1024}, {"x": 0.575885534686673, "y": 0.3468515822995341, "size": 0.1, "color_name": 51, "color_r": 0, "color_g": 128, "color_b": 0, "shape": 0, "width": 1024}, {"x": 0.6228352233699528, "y": 0.4281708284985162, "size": 0.1, "color_name": 51, "color_r": 0, "color_g": 128, "color_b": 0, "shape": 0, "width": 1024}, {"x": 0.6697849120532324, "y": 0.5094900746974982, "size": 0.1, "color_name": 51, "color_r": 0, "color_g": 128, "color_b": 0, "shape": 0, "width": 1024}, {"x": 0.7167346007365122, "y": 0.5908093208964802, "size": 0.1, "color_name": 51, "color_r": 0, "color_g": 128, "color_b": 0, "shape": 0, "width": 1024}, {"x": 0.7636842894197919, "y": 0.6721285670954622, "size": 0.1, "color_name": 51, "color_r": 0, "color_g": 128, "color_b": 0, "shape": 0, "width": 1024}, {"x": 0.6697849120532324, "y": 0.6721285670954622, "size": 0.1, "color_name": 51, "color_r": 0, "color_g": 128, "color_b": 0, "shape": 0, "width": 1024}, {"x": 0.575885534686673, "y": 0.6721285670954622, "size": 0.1, "color_name": 142, "color_r": 255, "color_g": 255, "color_b": 0, "shape": 0, "width": 1024}, {"x": 0.4819861573201136, "y": 0.6721285670954622, "size": 0.1, "color_name": 142, "color_r": 255, "color_g": 255, "color_b": 0, "shape": 0, "width": 1024}, {"x": 0.3880867799535541, "y": 0.6721285670954622, "size": 0.1, "color_name": 142, "color_r": 255, "color_g": 255, "color_b": 0, "shape": 0, "width": 1024}, {"x": 0.29418740258699466, "y": 0.6721285670954622, "size": 0.1, "color_name": 51, "color_r": 0, "color_g": 128, "color_b": 0, "shape": 0, "width": 1024}, {"x": 0.34113709127027436, "y": 0.5908093208964802, "size": 0.1, "color_name": 142, "color_r": 255, "color_g": 255, "color_b": 0, "shape": 0, "width": 1024}, {"x": 0.3880867799535541, "y": 0.5094900746974982, "size": 0.1, "color_name": 142, "color_r": 255, "color_g": 255, "color_b": 0, "shape": 0, "width": 1024}, {"x": 0.4350364686368338, "y": 0.4281708284985161, "size": 0.1, "color_name": 51, "color_r": 0, "color_g": 128, "color_b": 0, "shape": 0, "width": 1024}, {"x": 0.4819861573201135, "y": 0.3468515822995341, "size": 0.1, "color_name": 142, "color_r": 255, "color_g": 255, "color_b": 0, "shape": 0, "width": 1024}], [{"x": 0.4704933501058232, "y": 0.3204125010462786, "size": 0.1, "color_name": 51, "color_r": 0, "color_g": 128, "color_b": 0, "shape": 0, "width": 1024}, {"x": 0.5173441726551035, "y": 0.40156050607802557, "size": 0.1, "color_name": 142, "color_r": 255, "color_g": 255, "color_b": 0, "shape": 0, "width": 1024}, {"x": 0.5641949952043837, "y": 0.48270851110977253, "size": 0.1, "color_name": 51, "color_r": 0, "color_g": 128, "color_b": 0, "shape": 0, "width": 1024}, {"x": 0.611045817753664, "y": 0.5638565161415194, "size": 0.1, "color_name": 142, "color_r": 255, "color_g": 255, "color_b": 0, "shape": 0, "width": 1024}, {"x": 0.6578966403029441, "y": 0.6450045211732665, "size": 0.1, "color_name": 142, "color_r": 255, "color_g": 255, "color_b": 0, "shape": 0, "width": 1024}, {"x": 0.7047474628522243, "y": 0.7261525262050134, "size": 0.1, "color_name": 142, "color_r": 255, "color_g": 255, "color_b": 0, "shape": 0, "width": 1024}, {"x": 0.6110458177536638, "y": 0.7261525262050134, "size": 0.1, "color_name": 142, "color_r": 255, "color_g": 255, "color_b": 0, "shape": 0, "width": 1024}, {"x": 0.5173441726551035, "y": 0.7261525262050134, "size": 0.1, "color_name": 51, "color_r": 0, "color_g": 128, "color_b": 0, "shape": 0, "width": 1024}, {"x": 0.42364252755654297, "y": 0.7261525262050134, "size": 0.1, "color_name": 142, "color_r": 255, "color_g": 255, "color_b": 0, "shape": 0, "width": 1024}, {"x": 0.32994088245798253, "y": 0.7261525262050134, "size": 0.1, "color_name": 51, "color_r": 0, "color_g": 128, "color_b": 0, "shape": 0, "width": 1024}, {"x": 0.2362392373594221, "y": 0.7261525262050134, "size": 0.1, "color_name": 142, "color_r": 255, "color_g": 255, "color_b": 0, "shape": 0, "width": 1024}, {"x": 0.28309005990870234, "y": 0.6450045211732665, "size": 0.1, "color_name": 51, "color_r": 0, "color_g": 128, "color_b": 0, "shape": 0, "width": 1024}, {"x": 0.3299408824579826, "y": 0.5638565161415194, "size": 0.1, "color_name": 142, "color_r": 255, "color_g": 255, "color_b": 0, "shape": 0, "width": 1024}, {"x": 0.3767917050072628, "y": 0.48270851110977253, "size": 0.1, "color_name": 142, "color_r": 255, "color_g": 255, "color_b": 0, "shape": 0, "width": 1024}, {"x": 0.42364252755654297, "y": 0.40156050607802557, "size": 0.1, "color_name": 142, "color_r": 255, "color_g": 255, "color_b": 0, "shape": 0, "width": 1024}], [{"x": 0.45186089728290246, "y": 0.16503559089546072, "size": 0.1, "color_name": 142, "color_r": 255, "color_g": 255, "color_b": 0, "shape": 0, "width": 1024}, {"x": 0.4954844843362898, "y": 0.24059386008033146, "size": 0.1, "color_name": 142, "color_r": 255, "color_g": 255, "color_b": 0, "shape": 0, "width": 1024}, {"x": 0.5391080713896771, "y": 0.3161521292652022, "size": 0.1, "color_name": 51, "color_r": 0, "color_g": 128, "color_b": 0, "shape": 0, "width": 1024}, {"x": 0.5827316584430644, "y": 0.39171039845007294, "size": 0.1, "color_name": 51, "color_r": 0, "color_g": 128, "color_b": 0, "shape": 0, "width": 1024}, {"x": 0.6263552454964517, "y": 0.4672686676349437, "size": 0.1, "color_name": 142, "color_r": 255, "color_g": 255, "color_b": 0, "shape": 0, "width": 1024}, {"x": 0.669978832549839, "y": 0.5428269368198144, "size": 0.1, "color_name": 51, "color_r": 0, "color_g": 128, "color_b": 0, "shape": 0, "width": 1024}, {"x": 0.5827316584430644, "y": 0.5428269368198144, "size": 0.1, "color_name": 142, "color_r": 255, "color_g": 255, "color_b": 0, "shape": 0, "width": 1024}, {"x": 0.4954844843362898, "y": 0.5428269368198144, "size": 0.1, "color_name": 142, "color_r": 255, "color_g": 255, "color_b": 0, "shape": 0, "width": 1024}, {"x": 0.4082373102295151, "y": 0.5428269368198144, "size": 0.1, "color_name": 51, "color_r": 0, "color_g": 128, "color_b": 0, "shape": 0, "width": 1024}, {"x": 0.32099013612274047, "y": 0.5428269368198144, "size": 0.1, "color_name": 142, "color_r": 255, "color_g": 255, "color_b": 0, "shape": 0, "width": 1024}, {"x": 0.23374296201596584, "y": 0.5428269368198144, "size": 0.1, "color_name": 142, "color_r": 255, "color_g": 255, "color_b": 0, "shape": 0, "width": 1024}, {"x": 0.27736654906935315, "y": 0.4672686676349437, "size": 0.1, "color_name": 51, "color_r": 0, "color_g": 128, "color_b": 0, "shape": 0, "width": 1024}, {"x": 0.3209901361227405, "y": 0.39171039845007294, "size": 0.1, "color_name": 51, "color_r": 0, "color_g": 128, "color_b": 0, "shape": 0, "width": 1024}, {"x": 0.36461372317612784, "y": 0.3161521292652022, "size": 0.1, "color_name": 51, "color_r": 0, "color_g": 128, "color_b": 0, "shape": 0, "width": 1024}, {"x": 0.40823731022951515, "y": 0.24059386008033146, "size": 0.1, "color_name": 142, "color_r": 255, "color_g": 255, "color_b": 0, "shape": 0, "width": 1024}]]}