{"principle": "closure", "img_data": [[{"x": 0.5, "y": 0.154483455393241, "size": 0.27745698595345836, "color_name": 142, "color_r": 255, "color_g": 255, "color_b": 0, "shape": 0, "width": 1024}, {"x": 0.7992261050572724, "y": 0.6727582723033795, "size": 0.27745698595345836, "color_name": 8, "color_r": 0, "color_g": 0, "color_b": 255, "shape": 0, "width": 1024}, {"x": 0.20077389494272752, "y": 0.6727582723033795, "size": 0.27745698595345836, "color_name": 142, "color_r": 255, "color_g": 255, "color_b": 0, "shape": 0, "width": 1024}, {"x": 0.5, "y": 0.5, "size": 0.8549317287350644, "color_name": 68, "color_r": 211, "color_g": 211, "color_b": 211, "shape": 0, "width": 1024}], [{"x": 0.5, "y": 0.23812571742490862, "size": 0.2750959985744323, "color_name": 8, "color_r": 0, "color_g": 0, "color_b": 255, "shape": 0, "width": 1024}, {"x": 0.7267897813078537, "y": 0.6309371412875456, "size": 0.2750959985744323, "color_name": 8, "color_r": 0, "color_g": 0, "color_b": 255, "shape": 0, "width": 1024}, {"x": 0.2732102186921463, "y": 0.6309371412875456, "size": 0.2750959985744323, "color_name": 8, "color_r": 0, "color_g": 0, "color_b": 255, "shape": 0, "width": 1024}, {"x": 0.5, "y": 0.5, "size": 0.6479708037367249, "color_name": 68, "color_r": 211, "color_g": 211, "color_b": 211, "shape": 0, "width": 1024}], [{"x": 0.5, "y": 0.2715554306717656, "size": 0.2196601531891191, "color_name": 8, "color_r": 0, "color_g": 0, "color_b": 255, "shape": 0, "width": 1024}, {"x": 0.6978388003948465, "y": 0.6142222846641172, "size": 0.2196601531891191, "color_name": 142, "color_r": 255, "color_g": 255, "color_b": 0, "shape": 0, "width": 1024}, {"x": 0.30216119960515353, "y": 0.6142222846641172, "size": 0.2196601531891191, "color_name": 51, "color_r": 0, "color_g": 128, "color_b": 0, "shape": 0, "width": 1024}, {"x": 0.5, "y": 0.5, "size": 0.5652537154138471, "color_name": 68, "color_r": 211, "color_g": 211, "color_b": 211, "shape": 0, "width": 1024}], [{"x": 0.5, "y": 0.2774933924452453, "size": 0.24081306955026632, "color_name": 51, "color_r": 0, "color_g": 128, "color_b": 0, "shape": 0, "width": 1024}, {"x": 0.6926963746523122, "y": 0.6112533037773773, "size": 0.24081306955026632, "color_name": 142, "color_r": 255, "color_g": 255, "color_b": 0, "shape": 0, "width": 1024}, {"x": 0.30730362534768785, "y": 0.6112533037773773, "size": 0.24081306955026632, "color_name": 142, "color_r": 255, "color_g": 255, "color_b": 0, "shape": 0, "width": 1024}, {"x": 0.5, "y": 0.5, "size": 0.5505610704351775, "color_name": 68, "color_r": 211, "color_g": 211, "color_b": 211, "shape": 0, "width": 1024}], [{"x": 0.5, "y": 0.16900266814726445, "size": 0.2708948227336566, "color_name": 8, "color_r": 0, "color_g": 0, "color_b": 255, "shape": 0, "width": 1024}, {"x": 0.7866520979693372, "y": 0.6654986659263677, "size": 0.2708948227336566, "color_name": 142, "color_r": 255, "color_g": 255, "color_b": 0, "shape": 0, "width": 1024}, {"x": 0.21334790203066284, "y": 0.6654986659263677, "size": 0.2708948227336566, "color_name": 51, "color_r": 0, "color_g": 128, "color_b": 0, "shape": 0, "width": 1024}, {"x": 0.5, "y": 0.5, "size": 0.8190059941981063, "color_name": 68, "color_r": 211, "color_g": 211, "color_b": 211, "shape": 0, "width": 1024}], [{"x": 0.5, "y": 0.19388795690659982, "size": 0.27424339650853075, "color_name": 8, "color_r": 0, "color_g": 0, "color_b": 255, "shape": 0, "width": 1024}, {"x": 0.7651008057232414, "y": 0.6530560215467001, "size": 0.27424339650853075, "color_name": 8, "color_r": 0, "color_g": 0, "color_b": 255, "shape": 0, "width": 1024}, {"x": 0.2348991942767586, "y": 0.6530560215467001, "size": 0.27424339650853075, "color_name": 8, "color_r": 0, "color_g": 0, "color_b": 255, "shape": 0, "width": 1024}, {"x": 0.5, "y": 0.5, "size": 0.7574308734949755, "color_name": 68, "color_r": 211, "color_g": 211, "color_b": 211, "shape": 0, "width": 1024}], [{"x": 0.5, "y": 0.30014955089581763, "size": 0.20703617823489678, "color_name": 51, "color_r": 0, "color_g": 128, "color_b": 0, "shape": 0, "width": 1024}, {"x": 0.6730755658819509, "y": 0.5999252245520912, "size": 0.20703617823489678, "color_name": 142, "color_r": 255, "color_g": 255, "color_b": 0, "shape": 0, "width": 1024}, {"x": 0.32692443411804906, "y": 0.5999252245520912, "size": 0.20703617823489678, "color_name": 51, "color_r": 0, "color_g": 128, "color_b": 0, "shape": 0, "width": 1024}, {"x": 0.5, "y": 0.5, "size": 0.4945016168055743, "color_name": 68, "color_r": 211, "color_g": 211, "color_b": 211, "shape": 0, "width": 1024}], [{"x": 0.5, "y": 0.27192208807550744, "size": 0.21052088364047966, "color_name": 142, "color_r": 255, "color_g": 255, "color_b": 0, "shape": 0, "width": 1024}, {"x": 0.6975212657687203, "y": 0.6140389559622462, "size": 0.21052088364047966, "color_name": 142, "color_r": 255, "color_g": 255, "color_b": 0, "shape": 0, "width": 1024}, {"x": 0.3024787342312797, "y": 0.6140389559622462, "size": 0.21052088364047966, "color_name": 142, "color_r": 255, "color_g": 255, "color_b": 0, "shape": 0, "width": 1024}, {"x": 0.5, "y": 0.5, "size": 0.5643464736249152, "color_name": 68, "color_r": 211, "color_g": 211, "color_b": 211, "shape": 0, "width": 1024}], [{"x": 0.5, "y": 0.29589422238142704, "size": 0.2232285417902219, "color_name": 142, "color_r": 255, "color_g": 255, "color_b": 0, "shape": 0, "width": 1024}, {"x": 0.6767607884768615, "y": 0.6020528888092864, "size": 0.2232285417902219, "color_name": 51, "color_r": 0, "color_g": 128, "color_b": 0, "shape": 0, "width": 1024}, {"x": 0.3232392115231385, "y": 0.6020528888092864, "size": 0.2232285417902219, "color_name": 8, "color_r": 0, "color_g": 0, "color_b": 255, "shape": 0, "width": 1024}, {"x": 0.5, "y": 0.5, "size": 0.5050308242196042, "color_name": 68, "color_r": 211, "color_g": 211, "color_b": 211, "shape": 0, "width": 1024}], [{"x": 0.5, "y": 0.2496569542510655, "size": 0.21535959828637405, "color_name": 51, "color_r": 0, "color_g": 128, "color_b": 0, "shape": 0, "width": 1024}, {"x": 0.7168034372793473, "y": 0.6251715228744672, "size": 0.21535959828637405, "color_name": 51, "color_r": 0, "color_g": 128, "color_b": 0, "shape": 0, "width": 1024}, {"x": 0.28319656272065274, "y": 0.6251715228744672, "size": 0.21535959828637405, "color_name": 8, "color_r": 0, "color_g": 0, "color_b": 255, "shape": 0, "width": 1024}, {"x": 0.5, "y": 0.5, "size": 0.6194383922267064, "color_name": 68, "color_r": 211, "color_g": 211, "color_b": 211, "shape": 0, "width": 1024}], [{"x": 0.24834383814366845, "y": 0.24834383814366845, "size": 0.24493315569158647, "color_name": 8, "color_r": 0, "color_g": 0, "color_b": 255, "shape": 0, "width": 1024}, {"x": 0.7516561618563316, "y": 0.7516561618563316, "size": 0.24493315569158647, "color_name": 142, "color_r": 255, "color_g": 255, "color_b": 0, "shape": 0, "width": 1024}, {"x": 0.24834383814366845, "y": 0.7516561618563316, "size": 0.24493315569158647, "color_name": 51, "color_r": 0, "color_g": 128, "color_b": 0, "shape": 0, "width": 1024}, {"x": 0.7516561618563316, "y": 0.24834383814366845, "size": 0.24493315569158647, "color_name": 142, "color_r": 255, "color_g": 255, "color_b": 0, "shape": 0, "width": 1024}, {"x": 0.5, "y": 0.5, "size": 0.8628211263645653, "color_name": 68, "color_r": 211, "color_g": 211, "color_b": 211, "shape": 0, "width": 1024}], [{"x": 0.2867153998837788, "y": 0.2867153998837788, "size": 0.2163132177303779, "color_name": 8, "color_r": 0, "color_g": 0, "color_b": 255, "shape": 0, "width": 1024}, {"x": 0.7132846001162212, "y": 0.7132846001162212, "size": 0.2163132177303779, "color_name": 142, "color_r": 255, "color_g": 255, "color_b": 0, "shape": 0, "width": 1024}, {"x": 0.2867153998837788, "y": 0.7132846001162212, "size": 0.2163132177303779, "color_name": 142, "color_r": 255, "color_g": 255, "color_b": 0, "shape": 0, "width": 1024}, {"x": 0.7132846001162212, "y": 0.2867153998837788, "size": 0.2163132177303779, "color_name": 8, "color_r": 0, "color_g": 0, "color_b": 255, "shape": 0, "width": 1024}, {"x": 0.5, "y": 0.5, "size": 0.7312614861127585, "color_name": 68, "color_r": 211, "color_g": 211, "color_b": 211, "shape": 0, "width": 1024}], [{"x": 0.26069319547218817, "y": 0.26069319547218817, "size": 0.28708040811828944, "color_name": 142, "color_r": 255, "color_g": 255, "color_b": 0, "shape": 0, "width": 1024}, {"x": 0.7393068045278118, "y": 0.7393068045278118, "size": 0.28708040811828944, "color_name": 51, "color_r": 0, "color_g": 128, "color_b": 0, "shape": 0, "width": 1024}, {"x": 0.26069319547218817, "y": 0.7393068045278118, "size": 0.28708040811828944, "color_name": 8, "color_r": 0, "color_g": 0, "color_b": 255, "shape": 0, "width": 1024}, {"x": 0.7393068045278118, "y": 0.26069319547218817, "size": 0.28708040811828944, "color_name": 51, "color_r": 0, "color_g": 128, "color_b": 0, "shape": 0, "width": 1024}, {"x": 0.5, "y": 0.5, "size": 0.8204804726667835, "color_name": 68, "color_r": 211, "color_g": 211, "color_b": 211, "shape": 0, "width": 1024}], [{"x": 0.27250700127726124, "y": 0.27250700127726124, "size": 0.2531324747743694, "color_name": 51, "color_r": 0, "color_g": 128, "color_b": 0, "shape": 0, "width": 1024}, {"x": 0.7274929987227388, "y": 0.7274929987227388, "size": 0.2531324747743694, "color_name": 51, "color_r": 0, "color_g": 128, "color_b": 0, "shape": 0, "width": 1024}, {"x": 0.27250700127726124, "y": 0.7274929987227388, "size": 0.2531324747743694, "color_name": 8, "color_r": 0, "color_g": 0, "color_b": 255, "shape": 0, "width": 1024}, {"x": 0.7274929987227388, "y": 0.27250700127726124, "size": 0.2531324747743694, "color_name": 51, "color_r": 0, "color_g": 128, "color_b": 0, "shape": 0, "width": 1024}, {"x": 0.5, "y": 0.5, "size": 0.7799759956208187, "color_name": 68, "color_r": 211, "color_g": 211, "color_b": 211, "shape": 0, "width": 1024}], [{"x": 0.35410437518485144, "y": 0.35410437518485144, "size": 0.15545759772881013, "color_name": 142, "color_r": 255, "color_g": 255, "color_b": 0, "shape": 0, "width": 1024}, {"x": 0.6458956248151486, "y": 0.6458956248151486, "size": 0.15545759772881013, "color_name": 142, "color_r": 255, "color_g": 255, "color_b": 0, "shape": 0, "width": 1024}, {"x": 0.35410437518485144, "y": 0.6458956248151486, "size": 0.15545759772881013, "color_name": 142, "color_r": 255, "color_g": 255, "color_b": 0, "shape": 0, "width": 1024}, {"x": 0.6458956248151486, "y": 0.35410437518485144, "size": 0.15545759772881013, "color_name": 51, "color_r": 0, "color_g": 128, "color_b": 0, "shape": 0, "width": 1024}, {"x": 0.5, "y": 0.5, "size": 0.5002135707947951, "color_name": 68, "color_r": 211, "color_g": 211, "color_b": 211, "shape": 0, "width": 1024}], [{"x": 0.34989258957922753, "y": 0.34989258957922753, "size": 0.13153397892776927, "color_name": 51, "color_r": 0, "color_g": 128, "color_b": 0, "shape": 0, "width": 1024}, {"x": 0.6501074104207725, "y": 0.6501074104207725, "size": 0.13153397892776927, "color_name": 142, "color_r": 255, "color_g": 255, "color_b": 0, "shape": 0, "width": 1024}, {"x": 0.34989258957922753, "y": 0.6501074104207725, "size": 0.13153397892776927, "color_name": 51, "color_r": 0, "color_g": 128, "color_b": 0, "shape": 0, "width": 1024}, {"x": 0.6501074104207725, "y": 0.34989258957922753, "size": 0.13153397892776927, "color_name": 142, "color_r": 255, "color_g": 255, "color_b": 0, "shape": 0, "width": 1024}, {"x": 0.5, "y": 0.5, "size": 0.5146539785855058, "color_name": 68, "color_r": 211, "color_g": 211, "color_b": 211, "shape": 0, "width": 1024}], [{"x": 0.31928160831581287, "y": 0.31928160831581287, "size": 0.1987602337945813, "color_name": 51, "color_r": 0, "color_g": 128, "color_b": 0, "shape": 0, "width": 1024}, {"x": 0.6807183916841871, "y": 0.6807183916841871, "size": 0.1987602337945813, "color_name": 51, "color_r": 0, "color_g": 128, "color_b": 0, "shape": 0, "width": 1024}, {"x": 0.31928160831581287, "y": 0.6807183916841871, "size": 0.1987602337945813, "color_name": 8, "color_r": 0, "color_g": 0, "color_b": 255, "shape": 0, "width": 1024}, {"x": 0.6807183916841871, "y": 0.31928160831581287, "size": 0.1987602337945813, "color_name": 142, "color_r": 255, "color_g": 255, "color_b": 0, "shape": 0, "width": 1024}, {"x": 0.5, "y": 0.5, "size": 0.6196059143457845, "color_name": 68, "color_r": 211, "color_g": 211, "color_b": 211, "shape": 0, "width": 1024}], [{"x": 0.19445852207685022, "y": 0.19445852207685022, "size": 0.3681674144633577, "color_name": 142, "color_r": 255, "color_g": 255, "color_b": 0, "shape": 0, "width": 1024}, {"x": 0.8055414779231498, "y": 0.8055414779231498, "size": 0.3681674144633577, "color_name": 51, "color_r": 0, "color_g": 128, "color_b": 0, "shape": 0, "width": 1024}, {"x": 0.19445852207685022, "y": 0.8055414779231498, "size": 0.3681674144633577, "color_name": 8, "color_r": 0, "color_g": 0, "color_b": 255, "shape": 0, "width": 1024}, {"x": 0.8055414779231498, "y": 0.19445852207685022, "size": 0.3681674144633577, "color_name": 142, "color_r": 255, "color_g": 255, "color_b": 0, "shape": 0, "width": 1024}, {"x": 0.5, "y": 0.5, "size": 1.0475707814507995, "color_name": 68, "color_r": 211, "color_g": 211, "color_b": 211, "shape": 0, "width": 1024}], [{"x": 0.29650538680448657, "y": 0.29650538680448657, "size": 0.21487960283459126, "color_name": 142, "color_r": 255, "color_g": 255, "color_b": 0, "shape": 0, "width": 1024}, {"x": 0.7034946131955134, "y": 0.7034946131955134, "size": 0.21487960283459126, "color_name": 51, "color_r": 0, "color_g": 128, "color_b": 0, "shape": 0, "width": 1024}, {"x": 0.29650538680448657, "y": 0.7034946131955134, "size": 0.21487960283459126, "color_name": 51, "color_r": 0, "color_g": 128, "color_b": 0, "shape": 0, "width": 1024}, {"x": 0.7034946131955134, "y": 0.29650538680448657, "size": 0.21487960283459126, "color_name": 51, "color_r": 0, "color_g": 128, "color_b": 0, "shape": 0, "width": 1024}, {"x": 0.5, "y": 0.5, "size": 0.6976958166703318, "color_name": 68, "color_r": 211, "color_g": 211, "color_b": 211, "shape": 0, "width": 1024}], [{"x": 0.24892148619897242, "y": 0.24892148619897242, "size": 0.2992043527049424, "color_name": 8, "color_r": 0, "color_g": 0, "color_b": 255, "shape": 0, "width": 1024}, {"x": 0.7510785138010276, "y": 0.7510785138010276, "size": 0.2992043527049424, "color_name": 142, "color_r": 255, "color_g": 255, "color_b": 0, "shape": 0, "width": 1024}, {"x": 0.24892148619897242, "y": 0.7510785138010276, "size": 0.2992043527049424, "color_name": 8, "color_r": 0, "color_g": 0, "color_b": 255, "shape": 0, "width": 1024}, {"x": 0.7510785138010276, "y": 0.24892148619897242, "size": 0.2992043527049424, "color_name": 142, "color_r": 255, "color_g": 255, "color_b": 0, "shape": 0, "width": 1024}, {"x": 0.5, "y": 0.5, "size": 0.8608406187463803, "color_name": 68, "color_r": 211, "color_g": 211, "color_b": 211, "shape": 0, "width": 1024}]]}